supplier_material_id,supplier_id,material_id,supplier_rank,lead_time_hours,minimum_order_qty,available_emergency_qty,unit_cost,emergency_cost_multiplier,qualified,updated_at
SM-0001-01,SUP-043,MAT-0001,1,48,1000,7629,183.77,1.2,1,2026-06-09T22:00:00+08:00
SM-0001-02,SUP-045,MAT-0001,2,36,500,4146,211.12,1.23,1,2026-06-06T01:00:00+08:00
SM-0001-03,SUP-048,MAT-0001,3,36,500,13939,204.17,1.13,1,2026-06-11T18:00:00+08:00
SM-0001-04,SUP-029,MAT-0001,4,24,1000,7901,202.85,1.38,1,2026-06-12T00:00:00+08:00
SM-0001-05,SUP-020,MAT-0001,5,72,200,9178,180.81,1.62,1,2026-06-12T02:00:00+08:00
SM-0002-01,SUP-004,MAT-0002,1,48,200,8377,1041.31,1.44,1,2026-06-06T18:00:00+08:00
SM-0002-02,SUP-060,MAT-0002,2,36,1000,9587,1258.46,1.44,1,2026-06-06T19:00:00+08:00
SM-0002-03,SUP-030,MAT-0002,3,24,200,9612,1453.44,1.33,1,2026-06-07T09:00:00+08:00
SM-0002-04,SUP-029,MAT-0002,4,72,1000,14127,1170.86,1.51,1,2026-06-13T21:00:00+08:00
SM-0003-01,SUP-059,MAT-0003,1,36,1000,11195,260.36,1.32,1,2026-06-10T09:00:00+08:00
SM-0003-02,SUP-013,MAT-0003,2,120,200,10528,294.2,1.17,1,2026-06-14T03:00:00+08:00
SM-0003-03,SUP-008,MAT-0003,3,36,200,14873,252.18,1.54,0,2026-06-12T15:00:00+08:00
SM-0003-04,SUP-017,MAT-0003,4,24,200,13480,278.84,1.2,1,2026-06-11T10:00:00+08:00
SM-0004-01,SUP-032,MAT-0004,1,120,500,3989,422.49,1.19,1,2026-06-13T22:00:00+08:00
SM-0004-02,SUP-037,MAT-0004,2,168,500,8816,449.01,1.4,0,2026-06-06T19:00:00+08:00
SM-0004-03,SUP-033,MAT-0004,3,72,200,10530,344.72,1.37,1,2026-06-11T10:00:00+08:00
SM-0004-04,SUP-058,MAT-0004,4,96,50,1979,350.06,1.62,1,2026-06-14T23:00:00+08:00
SM-0004-05,SUP-031,MAT-0004,5,48,1000,9220,411.91,1.57,0,2026-06-09T06:00:00+08:00
SM-0005-01,SUP-049,MAT-0005,1,48,200,8054,423.0,1.29,1,2026-06-11T07:00:00+08:00
SM-0005-02,SUP-006,MAT-0005,2,120,1000,12246,368.59,1.08,0,2026-06-13T01:00:00+08:00
SM-0005-03,SUP-051,MAT-0005,3,120,200,14547,399.05,1.46,0,2026-06-10T13:00:00+08:00
SM-0006-01,SUP-019,MAT-0006,1,72,50,14260,430.86,1.06,1,2026-06-06T06:00:00+08:00
SM-0006-02,SUP-012,MAT-0006,2,72,500,2963,441.09,1.62,1,2026-06-07T01:00:00+08:00
SM-0006-03,SUP-041,MAT-0006,3,168,1000,7138,392.6,1.44,0,2026-06-07T01:00:00+08:00
SM-0006-04,SUP-006,MAT-0006,4,96,500,12453,358.41,1.63,0,2026-06-05T12:00:00+08:00
SM-0006-05,SUP-005,MAT-0006,5,168,50,938,418.22,1.17,1,2026-06-05T13:00:00+08:00
SM-0007-01,SUP-031,MAT-0007,1,96,500,11100,1230.87,1.31,0,2026-06-13T16:00:00+08:00
SM-0007-02,SUP-020,MAT-0007,2,24,100,10127,1057.33,1.06,1,2026-06-14T18:00:00+08:00
SM-0007-03,SUP-052,MAT-0007,3,96,100,9254,1042.39,1.07,1,2026-06-11T09:00:00+08:00
SM-0008-01,SUP-059,MAT-0008,1,96,1000,952,450.64,1.46,1,2026-06-05T15:00:00+08:00
SM-0008-02,SUP-053,MAT-0008,2,168,50,3823,405.9,1.51,1,2026-06-09T15:00:00+08:00
SM-0008-03,SUP-056,MAT-0008,3,36,500,4634,353.95,1.59,1,2026-06-06T18:00:00+08:00
SM-0009-01,SUP-025,MAT-0009,1,120,100,10978,63.01,1.2,0,2026-06-14T04:00:00+08:00
SM-0009-02,SUP-011,MAT-0009,2,120,500,12369,57.75,1.55,1,2026-06-06T22:00:00+08:00
SM-0009-03,SUP-003,MAT-0009,3,48,200,1271,55.1,1.42,1,2026-06-08T08:00:00+08:00
SM-0010-01,SUP-042,MAT-0010,1,48,500,9954,774.77,1.22,1,2026-06-09T17:00:00+08:00
SM-0010-02,SUP-007,MAT-0010,2,48,200,4529,849.95,1.51,1,2026-06-10T19:00:00+08:00
SM-0010-03,SUP-045,MAT-0010,3,96,500,10431,835.52,1.34,1,2026-06-08T23:00:00+08:00
SM-0010-04,SUP-057,MAT-0010,4,120,1000,12034,708.47,1.17,1,2026-06-11T17:00:00+08:00
SM-0010-05,SUP-032,MAT-0010,5,120,200,12380,809.68,1.13,1,2026-06-14T03:00:00+08:00
SM-0010-06,SUP-058,MAT-0010,6,48,100,4000,738.02,1.34,1,2026-06-08T15:00:00+08:00
SM-0011-01,SUP-021,MAT-0011,1,36,1000,4326,9.17,1.61,1,2026-06-10T12:00:00+08:00
SM-0011-02,SUP-009,MAT-0011,2,36,50,6223,8.0,1.36,1,2026-06-07T06:00:00+08:00
SM-0011-03,SUP-017,MAT-0011,3,96,500,4366,7.5,1.61,1,2026-06-09T17:00:00+08:00
SM-0012-01,SUP-009,MAT-0012,1,48,500,10037,790.12,1.46,1,2026-06-06T15:00:00+08:00
SM-0012-02,SUP-012,MAT-0012,2,48,200,2178,773.82,1.06,1,2026-06-14T21:00:00+08:00
SM-0012-03,SUP-020,MAT-0012,3,24,200,5352,822.72,1.39,1,2026-06-07T03:00:00+08:00
SM-0012-04,SUP-016,MAT-0012,4,36,1000,8353,734.6,1.38,1,2026-06-12T09:00:00+08:00
SM-0012-05,SUP-014,MAT-0012,5,168,1000,10520,760.28,1.28,1,2026-06-06T04:00:00+08:00
SM-0013-01,SUP-004,MAT-0013,1,72,50,10721,1071.98,1.24,1,2026-06-14T13:00:00+08:00
SM-0013-02,SUP-055,MAT-0013,2,24,50,6747,1134.01,1.38,1,2026-06-11T11:00:00+08:00
SM-0013-03,SUP-048,MAT-0013,3,120,100,4644,957.12,1.28,1,2026-06-14T17:00:00+08:00
SM-0013-04,SUP-024,MAT-0013,4,36,50,4979,1132.96,1.05,0,2026-06-13T16:00:00+08:00
SM-0013-05,SUP-006,MAT-0013,5,24,50,12156,941.74,1.48,0,2026-06-07T21:00:00+08:00
SM-0013-06,SUP-037,MAT-0013,6,168,1000,2077,1057.66,1.61,0,2026-06-10T14:00:00+08:00
SM-0014-01,SUP-016,MAT-0014,1,72,1000,8559,235.12,1.45,1,2026-06-12T11:00:00+08:00
SM-0014-02,SUP-031,MAT-0014,2,96,200,4017,247.92,1.5,0,2026-06-12T05:00:00+08:00
SM-0014-03,SUP-029,MAT-0014,3,24,200,11392,272.17,1.06,1,2026-06-10T05:00:00+08:00
SM-0015-01,SUP-009,MAT-0015,1,168,1000,7703,363.3,1.55,1,2026-06-14T07:00:00+08:00
SM-0015-02,SUP-053,MAT-0015,2,96,50,783,294.84,1.23,1,2026-06-14T18:00:00+08:00
SM-0015-03,SUP-038,MAT-0015,3,168,200,3920,319.52,1.39,1,2026-06-08T08:00:00+08:00
SM-0016-01,SUP-046,MAT-0016,1,48,500,12474,254.0,1.58,1,2026-06-10T20:00:00+08:00
SM-0016-02,SUP-041,MAT-0016,2,48,50,13382,253.02,1.13,0,2026-06-07T12:00:00+08:00
SM-0016-03,SUP-060,MAT-0016,3,96,1000,431,242.89,1.11,1,2026-06-13T02:00:00+08:00
SM-0016-04,SUP-039,MAT-0016,4,24,1000,10124,206.71,1.62,1,2026-06-15T07:00:00+08:00
SM-0017-01,SUP-056,MAT-0017,1,96,500,13985,84.67,1.34,1,2026-06-13T22:00:00+08:00
SM-0017-02,SUP-042,MAT-0017,2,96,200,9879,85.83,1.64,1,2026-06-10T12:00:00+08:00
SM-0017-03,SUP-011,MAT-0017,3,36,50,6172,73.34,1.37,1,2026-06-12T03:00:00+08:00
SM-0018-01,SUP-035,MAT-0018,1,36,500,593,32.61,1.6,1,2026-06-14T16:00:00+08:00
SM-0018-02,SUP-010,MAT-0018,2,48,100,2864,27.37,1.33,1,2026-06-06T07:00:00+08:00
SM-0018-03,SUP-059,MAT-0018,3,36,500,12675,35.03,1.29,1,2026-06-12T17:00:00+08:00
SM-0018-04,SUP-001,MAT-0018,4,120,100,10512,29.87,1.18,1,2026-06-14T18:00:00+08:00
SM-0018-05,SUP-030,MAT-0018,5,96,50,8007,29.71,1.34,1,2026-06-05T17:00:00+08:00
SM-0018-06,SUP-003,MAT-0018,6,72,50,9932,28.33,1.62,1,2026-06-14T09:00:00+08:00
SM-0019-01,SUP-001,MAT-0019,1,120,100,13585,28.23,1.1,1,2026-06-10T21:00:00+08:00
SM-0019-02,SUP-015,MAT-0019,2,36,100,11212,29.12,1.17,1,2026-06-13T02:00:00+08:00
SM-0019-03,SUP-034,MAT-0019,3,168,200,12071,28.14,1.26,1,2026-06-10T15:00:00+08:00
SM-0019-04,SUP-057,MAT-0019,4,96,500,11548,27.06,1.32,1,2026-06-14T04:00:00+08:00
SM-0020-01,SUP-015,MAT-0020,1,96,500,1991,225.77,1.53,1,2026-06-13T23:00:00+08:00
SM-0020-02,SUP-024,MAT-0020,2,36,500,5983,207.12,1.57,0,2026-06-11T13:00:00+08:00
SM-0020-03,SUP-027,MAT-0020,3,72,50,9264,264.38,1.2,0,2026-06-05T10:00:00+08:00
SM-0020-04,SUP-056,MAT-0020,4,48,500,7774,235.01,1.37,1,2026-06-05T21:00:00+08:00
SM-0020-05,SUP-003,MAT-0020,5,168,200,427,246.47,1.53,1,2026-06-11T05:00:00+08:00
SM-0020-06,SUP-025,MAT-0020,6,24,500,11805,263.57,1.32,0,2026-06-06T20:00:00+08:00
SM-0021-01,SUP-059,MAT-0021,1,96,50,5317,13.52,1.47,1,2026-06-05T18:00:00+08:00
SM-0021-02,SUP-058,MAT-0021,2,120,1000,2783,10.96,1.4,1,2026-06-05T20:00:00+08:00
SM-0021-03,SUP-011,MAT-0021,3,120,500,14550,13.22,1.11,1,2026-06-13T09:00:00+08:00
SM-0021-04,SUP-005,MAT-0021,4,36,100,5685,12.2,1.25,1,2026-06-14T08:00:00+08:00
SM-0021-05,SUP-036,MAT-0021,5,120,50,8936,13.55,1.36,1,2026-06-12T16:00:00+08:00
SM-0021-06,SUP-052,MAT-0021,6,48,1000,7873,10.49,1.14,1,2026-06-07T03:00:00+08:00
SM-0022-01,SUP-011,MAT-0022,1,48,100,11481,85.39,1.6,1,2026-06-11T00:00:00+08:00
SM-0022-02,SUP-003,MAT-0022,2,24,500,6897,79.45,1.06,1,2026-06-06T00:00:00+08:00
SM-0022-03,SUP-039,MAT-0022,3,168,50,12463,79.38,1.32,1,2026-06-14T20:00:00+08:00
SM-0022-04,SUP-016,MAT-0022,4,120,100,10682,78.99,1.18,1,2026-06-06T18:00:00+08:00
SM-0022-05,SUP-009,MAT-0022,5,96,200,5640,80.4,1.52,1,2026-06-09T11:00:00+08:00
SM-0023-01,SUP-008,MAT-0023,1,72,200,11642,424.56,1.36,0,2026-06-08T08:00:00+08:00
SM-0023-02,SUP-027,MAT-0023,2,96,100,8493,403.69,1.53,0,2026-06-10T04:00:00+08:00
SM-0023-03,SUP-059,MAT-0023,3,96,1000,8308,378.59,1.12,1,2026-06-12T19:00:00+08:00
SM-0023-04,SUP-040,MAT-0023,4,72,500,3095,446.48,1.37,1,2026-06-06T03:00:00+08:00
SM-0024-01,SUP-022,MAT-0024,1,36,500,12686,18.94,1.55,1,2026-06-11T07:00:00+08:00
SM-0024-02,SUP-045,MAT-0024,2,120,1000,8468,18.15,1.6,1,2026-06-08T11:00:00+08:00
SM-0024-03,SUP-053,MAT-0024,3,48,200,14646,21.88,1.39,1,2026-06-08T01:00:00+08:00
SM-0024-04,SUP-028,MAT-0024,4,168,50,9850,18.34,1.3,1,2026-06-11T05:00:00+08:00
SM-0024-05,SUP-042,MAT-0024,5,48,1000,3691,16.94,1.52,1,2026-06-07T13:00:00+08:00
SM-0025-01,SUP-004,MAT-0025,1,36,50,12480,672.67,1.42,1,2026-06-13T10:00:00+08:00
SM-0025-02,SUP-046,MAT-0025,2,72,50,14531,755.57,1.38,1,2026-06-05T18:00:00+08:00
SM-0025-03,SUP-042,MAT-0025,3,36,500,9577,925.43,1.53,1,2026-06-11T05:00:00+08:00
SM-0025-04,SUP-009,MAT-0025,4,36,200,3023,824.32,1.56,1,2026-06-13T04:00:00+08:00
SM-0025-05,SUP-049,MAT-0025,5,72,1000,967,925.39,1.43,1,2026-06-07T11:00:00+08:00
SM-0026-01,SUP-048,MAT-0026,1,36,100,6748,1026.91,1.5,1,2026-06-11T15:00:00+08:00
SM-0026-02,SUP-009,MAT-0026,2,120,1000,1174,942.62,1.29,1,2026-06-06T03:00:00+08:00
SM-0026-03,SUP-020,MAT-0026,3,120,50,7669,1029.09,1.55,1,2026-06-14T06:00:00+08:00
SM-0026-04,SUP-010,MAT-0026,4,72,1000,14447,950.58,1.37,1,2026-06-09T11:00:00+08:00
SM-0026-05,SUP-039,MAT-0026,5,96,200,2038,895.79,1.2,1,2026-06-05T16:00:00+08:00
SM-0026-06,SUP-056,MAT-0026,6,24,1000,8848,975.77,1.56,1,2026-06-08T16:00:00+08:00
SM-0027-01,SUP-036,MAT-0027,1,24,100,4336,637.57,1.32,1,2026-06-09T10:00:00+08:00
SM-0027-02,SUP-054,MAT-0027,2,24,500,7515,748.75,1.38,1,2026-06-10T11:00:00+08:00
SM-0027-03,SUP-059,MAT-0027,3,168,100,5722,784.51,1.29,1,2026-06-14T11:00:00+08:00
SM-0027-04,SUP-010,MAT-0027,4,36,1000,411,578.77,1.23,1,2026-06-08T03:00:00+08:00
SM-0027-05,SUP-017,MAT-0027,5,24,100,4947,803.68,1.35,1,2026-06-06T07:00:00+08:00
SM-0027-06,SUP-051,MAT-0027,6,96,50,6385,636.04,1.12,0,2026-06-15T07:00:00+08:00
SM-0028-01,SUP-013,MAT-0028,1,168,200,12849,1346.74,1.58,1,2026-06-11T05:00:00+08:00
SM-0028-02,SUP-036,MAT-0028,2,24,1000,1548,1358.84,1.2,1,2026-06-10T05:00:00+08:00
SM-0028-03,SUP-042,MAT-0028,3,72,50,13998,1234.22,1.65,1,2026-06-14T00:00:00+08:00
SM-0028-04,SUP-038,MAT-0028,4,168,50,6554,1026.53,1.56,1,2026-06-09T03:00:00+08:00
SM-0029-01,SUP-020,MAT-0029,1,120,50,2612,355.74,1.45,1,2026-06-10T03:00:00+08:00
SM-0029-02,SUP-006,MAT-0029,2,120,50,12818,494.27,1.29,0,2026-06-09T17:00:00+08:00
SM-0029-03,SUP-043,MAT-0029,3,72,1000,723,435.69,1.63,1,2026-06-14T00:00:00+08:00
SM-0029-04,SUP-027,MAT-0029,4,24,500,14416,452.66,1.62,0,2026-06-13T13:00:00+08:00
SM-0029-05,SUP-012,MAT-0029,5,48,100,10826,405.71,1.3,1,2026-06-13T06:00:00+08:00
SM-0030-01,SUP-034,MAT-0030,1,48,50,11829,26.67,1.15,1,2026-06-08T15:00:00+08:00
SM-0030-02,SUP-004,MAT-0030,2,96,50,969,28.07,1.13,1,2026-06-13T03:00:00+08:00
SM-0030-03,SUP-011,MAT-0030,3,168,1000,8257,20.57,1.54,1,2026-06-12T11:00:00+08:00
SM-0030-04,SUP-047,MAT-0030,4,168,1000,13297,26.03,1.47,1,2026-06-14T20:00:00+08:00
SM-0031-01,SUP-042,MAT-0031,1,120,200,9354,715.02,1.63,1,2026-06-06T11:00:00+08:00
SM-0031-02,SUP-044,MAT-0031,2,168,200,3441,712.35,1.13,1,2026-06-11T23:00:00+08:00
SM-0031-03,SUP-023,MAT-0031,3,72,500,302,719.01,1.35,1,2026-06-09T11:00:00+08:00
SM-0031-04,SUP-006,MAT-0031,4,72,50,11911,742.31,1.48,0,2026-06-09T04:00:00+08:00
SM-0032-01,SUP-013,MAT-0032,1,48,500,1013,412.73,1.2,1,2026-06-10T15:00:00+08:00
SM-0032-02,SUP-046,MAT-0032,2,72,50,14511,376.3,1.1,1,2026-06-13T14:00:00+08:00
SM-0032-03,SUP-043,MAT-0032,3,96,200,14059,465.69,1.13,1,2026-06-12T21:00:00+08:00
SM-0032-04,SUP-020,MAT-0032,4,72,50,11825,403.55,1.61,1,2026-06-07T12:00:00+08:00
SM-0032-05,SUP-035,MAT-0032,5,24,50,10234,391.41,1.37,1,2026-06-14T13:00:00+08:00
SM-0033-01,SUP-050,MAT-0033,1,24,200,7324,176.51,1.3,0,2026-06-11T04:00:00+08:00
SM-0033-02,SUP-019,MAT-0033,2,72,500,5746,163.07,1.44,1,2026-06-12T06:00:00+08:00
SM-0033-03,SUP-060,MAT-0033,3,168,1000,12389,148.95,1.12,1,2026-06-10T10:00:00+08:00
SM-0033-04,SUP-024,MAT-0033,4,168,50,11878,138.76,1.58,0,2026-06-10T17:00:00+08:00
SM-0033-05,SUP-001,MAT-0033,5,96,100,3028,182.0,1.59,1,2026-06-15T07:00:00+08:00
SM-0034-01,SUP-001,MAT-0034,1,120,50,7197,49.36,1.27,1,2026-06-07T18:00:00+08:00
SM-0034-02,SUP-004,MAT-0034,2,168,200,10574,42.93,1.29,1,2026-06-07T22:00:00+08:00
SM-0034-03,SUP-027,MAT-0034,3,96,200,1599,38.25,1.28,0,2026-06-06T15:00:00+08:00
SM-0034-04,SUP-005,MAT-0034,4,120,1000,695,43.33,1.08,1,2026-06-10T20:00:00+08:00
SM-0034-05,SUP-023,MAT-0034,5,48,100,12695,43.13,1.13,1,2026-06-11T04:00:00+08:00
SM-0035-01,SUP-010,MAT-0035,1,72,1000,2723,10.3,1.1,1,2026-06-08T17:00:00+08:00
SM-0035-02,SUP-033,MAT-0035,2,24,1000,478,13.3,1.58,1,2026-06-09T17:00:00+08:00
SM-0035-03,SUP-050,MAT-0035,3,120,100,5588,9.68,1.48,0,2026-06-07T19:00:00+08:00
SM-0036-01,SUP-051,MAT-0036,1,72,200,5500,124.34,1.37,0,2026-06-14T09:00:00+08:00
SM-0036-02,SUP-026,MAT-0036,2,168,50,3589,115.22,1.61,1,2026-06-11T08:00:00+08:00
SM-0036-03,SUP-036,MAT-0036,3,72,1000,3665,122.35,1.06,1,2026-06-06T20:00:00+08:00
SM-0037-01,SUP-057,MAT-0037,1,48,100,11081,674.33,1.37,1,2026-06-10T02:00:00+08:00
SM-0037-02,SUP-028,MAT-0037,2,72,50,2736,626.74,1.57,1,2026-06-09T22:00:00+08:00
SM-0037-03,SUP-046,MAT-0037,3,168,200,1434,628.07,1.14,1,2026-06-08T01:00:00+08:00
SM-0037-04,SUP-053,MAT-0037,4,120,1000,12261,624.89,1.43,1,2026-06-10T12:00:00+08:00
SM-0037-05,SUP-059,MAT-0037,5,168,100,2647,702.31,1.45,1,2026-06-08T00:00:00+08:00
SM-0038-01,SUP-044,MAT-0038,1,168,1000,9398,640.66,1.62,1,2026-06-07T07:00:00+08:00
SM-0038-02,SUP-016,MAT-0038,2,72,200,4890,572.25,1.23,1,2026-06-12T10:00:00+08:00
SM-0038-03,SUP-033,MAT-0038,3,24,50,1821,575.89,1.21,1,2026-06-14T21:00:00+08:00
SM-0039-01,SUP-042,MAT-0039,1,36,200,5266,1009.44,1.27,1,2026-06-06T14:00:00+08:00
SM-0039-02,SUP-049,MAT-0039,2,120,50,12963,1013.91,1.42,1,2026-06-08T10:00:00+08:00
SM-0039-03,SUP-001,MAT-0039,3,120,50,12836,1047.13,1.3,1,2026-06-15T01:00:00+08:00
SM-0039-04,SUP-018,MAT-0039,4,96,100,12395,878.22,1.18,1,2026-06-11T00:00:00+08:00
SM-0040-01,SUP-060,MAT-0040,1,48,200,10680,30.11,1.62,1,2026-06-06T15:00:00+08:00
SM-0040-02,SUP-026,MAT-0040,2,168,500,1727,22.3,1.27,1,2026-06-08T12:00:00+08:00
SM-0040-03,SUP-018,MAT-0040,3,24,500,14511,26.93,1.61,1,2026-06-10T13:00:00+08:00
SM-0040-04,SUP-036,MAT-0040,4,72,500,14443,24.31,1.17,1,2026-06-07T20:00:00+08:00
SM-0041-01,SUP-038,MAT-0041,1,168,1000,4347,451.95,1.08,1,2026-06-07T02:00:00+08:00
SM-0041-02,SUP-011,MAT-0041,2,48,200,842,394.89,1.43,1,2026-06-15T02:00:00+08:00
SM-0041-03,SUP-015,MAT-0041,3,24,200,11294,326.31,1.29,1,2026-06-08T10:00:00+08:00
SM-0041-04,SUP-016,MAT-0041,4,120,100,9681,386.87,1.2,1,2026-06-05T08:00:00+08:00
SM-0042-01,SUP-047,MAT-0042,1,72,100,9288,484.06,1.26,1,2026-06-08T06:00:00+08:00
SM-0042-02,SUP-045,MAT-0042,2,120,1000,12218,426.07,1.54,1,2026-06-07T07:00:00+08:00
SM-0042-03,SUP-022,MAT-0042,3,48,50,1062,426.76,1.31,1,2026-06-07T13:00:00+08:00
SM-0042-04,SUP-012,MAT-0042,4,168,100,10899,466.76,1.56,1,2026-06-05T18:00:00+08:00
SM-0042-05,SUP-029,MAT-0042,5,48,100,2469,439.98,1.43,1,2026-06-13T14:00:00+08:00
SM-0043-01,SUP-026,MAT-0043,1,72,500,2705,261.0,1.58,1,2026-06-07T17:00:00+08:00
SM-0043-02,SUP-016,MAT-0043,2,168,1000,13148,327.63,1.31,1,2026-06-12T14:00:00+08:00
SM-0043-03,SUP-028,MAT-0043,3,96,1000,2233,280.5,1.22,1,2026-06-07T03:00:00+08:00
SM-0043-04,SUP-044,MAT-0043,4,24,1000,13363,297.64,1.62,1,2026-06-06T23:00:00+08:00
SM-0043-05,SUP-045,MAT-0043,5,36,500,10816,291.92,1.4,1,2026-06-07T14:00:00+08:00
SM-0043-06,SUP-020,MAT-0043,6,96,1000,12376,263.03,1.13,1,2026-06-09T06:00:00+08:00
SM-0044-01,SUP-059,MAT-0044,1,36,500,2308,13.35,1.61,1,2026-06-13T15:00:00+08:00
SM-0044-02,SUP-056,MAT-0044,2,168,200,8645,16.16,1.51,1,2026-06-05T19:00:00+08:00
SM-0044-03,SUP-008,MAT-0044,3,120,500,2336,16.38,1.33,0,2026-06-09T22:00:00+08:00
SM-0044-04,SUP-011,MAT-0044,4,96,500,9867,18.39,1.38,1,2026-06-05T09:00:00+08:00
SM-0044-05,SUP-025,MAT-0044,5,72,50,9421,17.51,1.18,0,2026-06-08T00:00:00+08:00
SM-0044-06,SUP-029,MAT-0044,6,120,1000,8683,13.42,1.49,1,2026-06-08T04:00:00+08:00
SM-0045-01,SUP-011,MAT-0045,1,36,50,14724,23.08,1.65,1,2026-06-06T19:00:00+08:00
SM-0045-02,SUP-032,MAT-0045,2,72,200,4106,24.75,1.57,1,2026-06-10T22:00:00+08:00
SM-0045-03,SUP-054,MAT-0045,3,120,200,11364,23.88,1.34,1,2026-06-05T17:00:00+08:00
SM-0046-01,SUP-040,MAT-0046,1,72,500,6344,1191.9,1.61,1,2026-06-12T20:00:00+08:00
SM-0046-02,SUP-057,MAT-0046,2,120,100,6050,1377.4,1.43,1,2026-06-14T23:00:00+08:00
SM-0046-03,SUP-017,MAT-0046,3,72,100,1611,1309.31,1.37,1,2026-06-15T06:00:00+08:00
SM-0046-04,SUP-038,MAT-0046,4,24,500,6169,1313.51,1.4,1,2026-06-15T03:00:00+08:00
SM-0046-05,SUP-020,MAT-0046,5,24,500,13112,1390.58,1.38,1,2026-06-12T21:00:00+08:00
SM-0046-06,SUP-058,MAT-0046,6,36,100,7444,1416.2,1.05,1,2026-06-13T17:00:00+08:00
SM-0047-01,SUP-024,MAT-0047,1,24,50,13961,414.79,1.24,0,2026-06-12T15:00:00+08:00
SM-0047-02,SUP-056,MAT-0047,2,24,1000,7861,435.09,1.48,1,2026-06-11T02:00:00+08:00
SM-0047-03,SUP-006,MAT-0047,3,48,1000,7793,436.55,1.13,0,2026-06-05T19:00:00+08:00
SM-0047-04,SUP-016,MAT-0047,4,120,1000,1780,505.83,1.05,1,2026-06-06T22:00:00+08:00
SM-0048-01,SUP-018,MAT-0048,1,120,500,7979,19.87,1.4,1,2026-06-11T16:00:00+08:00
SM-0048-02,SUP-055,MAT-0048,2,120,100,3452,18.02,1.26,1,2026-06-06T05:00:00+08:00
SM-0048-03,SUP-002,MAT-0048,3,168,100,7910,15.58,1.06,1,2026-06-15T07:00:00+08:00
SM-0048-04,SUP-054,MAT-0048,4,36,500,6066,18.8,1.61,1,2026-06-11T11:00:00+08:00
SM-0048-05,SUP-017,MAT-0048,5,72,100,8727,15.71,1.09,1,2026-06-12T14:00:00+08:00
SM-0048-06,SUP-003,MAT-0048,6,36,500,1234,19.35,1.62,1,2026-06-09T12:00:00+08:00
SM-0049-01,SUP-059,MAT-0049,1,96,500,3728,4.01,1.32,1,2026-06-10T18:00:00+08:00
SM-0049-02,SUP-027,MAT-0049,2,48,100,12770,4.88,1.08,0,2026-06-07T12:00:00+08:00
SM-0049-03,SUP-010,MAT-0049,3,48,50,7929,4.56,1.18,1,2026-06-06T14:00:00+08:00
SM-0049-04,SUP-019,MAT-0049,4,120,1000,2865,4.44,1.4,1,2026-06-07T02:00:00+08:00
SM-0050-01,SUP-010,MAT-0050,1,96,1000,13012,784.43,1.17,1,2026-06-09T19:00:00+08:00
SM-0050-02,SUP-001,MAT-0050,2,168,100,11324,700.71,1.62,1,2026-06-13T07:00:00+08:00
SM-0050-03,SUP-036,MAT-0050,3,48,500,3354,712.16,1.54,1,2026-06-05T21:00:00+08:00
SM-0050-04,SUP-049,MAT-0050,4,168,500,5159,590.85,1.26,1,2026-06-06T01:00:00+08:00
SM-0050-05,SUP-046,MAT-0050,5,96,500,1951,643.24,1.34,1,2026-06-14T08:00:00+08:00
SM-0050-06,SUP-022,MAT-0050,6,72,200,6998,788.34,1.21,1,2026-06-09T00:00:00+08:00
SM-0051-01,SUP-057,MAT-0051,1,24,100,12563,47.48,1.52,1,2026-06-15T04:00:00+08:00
SM-0051-02,SUP-020,MAT-0051,2,24,50,7980,42.71,1.1,1,2026-06-07T08:00:00+08:00
SM-0051-03,SUP-044,MAT-0051,3,36,500,1297,53.58,1.42,1,2026-06-07T01:00:00+08:00
SM-0051-04,SUP-059,MAT-0051,4,168,200,8196,45.39,1.27,1,2026-06-07T09:00:00+08:00
SM-0051-05,SUP-035,MAT-0051,5,48,1000,1562,45.37,1.58,1,2026-06-09T19:00:00+08:00
SM-0051-06,SUP-041,MAT-0051,6,96,50,14033,45.75,1.22,0,2026-06-10T08:00:00+08:00
SM-0052-01,SUP-039,MAT-0052,1,72,100,7835,88.2,1.55,1,2026-06-11T04:00:00+08:00
SM-0052-02,SUP-060,MAT-0052,2,24,200,13047,89.16,1.18,1,2026-06-05T13:00:00+08:00
SM-0052-03,SUP-022,MAT-0052,3,72,500,8611,106.63,1.21,1,2026-06-11T01:00:00+08:00
SM-0052-04,SUP-042,MAT-0052,4,96,50,10929,82.43,1.31,1,2026-06-12T00:00:00+08:00
SM-0052-05,SUP-038,MAT-0052,5,36,500,9392,95.32,1.58,1,2026-06-09T23:00:00+08:00
SM-0053-01,SUP-040,MAT-0053,1,120,100,9885,36.19,1.36,1,2026-06-07T04:00:00+08:00
SM-0053-02,SUP-015,MAT-0053,2,120,500,14687,32.34,1.44,1,2026-06-07T18:00:00+08:00
SM-0053-03,SUP-025,MAT-0053,3,168,1000,11256,34.85,1.6,0,2026-06-12T05:00:00+08:00
SM-0054-01,SUP-058,MAT-0054,1,24,100,6701,659.88,1.38,1,2026-06-14T10:00:00+08:00
SM-0054-02,SUP-015,MAT-0054,2,168,500,4458,739.98,1.35,1,2026-06-07T02:00:00+08:00
SM-0054-03,SUP-028,MAT-0054,3,120,500,2450,615.75,1.65,1,2026-06-14T23:00:00+08:00
SM-0054-04,SUP-020,MAT-0054,4,24,1000,642,697.86,1.63,1,2026-06-12T01:00:00+08:00
SM-0054-05,SUP-049,MAT-0054,5,36,200,936,768.52,1.14,1,2026-06-13T10:00:00+08:00
SM-0055-01,SUP-024,MAT-0055,1,120,50,9557,513.05,1.39,0,2026-06-14T11:00:00+08:00
SM-0055-02,SUP-028,MAT-0055,2,72,100,5977,524.37,1.56,1,2026-06-06T03:00:00+08:00
SM-0055-03,SUP-009,MAT-0055,3,72,50,12593,571.36,1.64,1,2026-06-11T14:00:00+08:00
SM-0055-04,SUP-035,MAT-0055,4,48,100,7731,502.24,1.47,1,2026-06-11T06:00:00+08:00
SM-0056-01,SUP-040,MAT-0056,1,36,200,6957,342.13,1.26,1,2026-06-10T07:00:00+08:00
SM-0056-02,SUP-043,MAT-0056,2,36,200,5927,294.11,1.36,1,2026-06-11T09:00:00+08:00
SM-0056-03,SUP-057,MAT-0056,3,72,50,12886,303.56,1.55,1,2026-06-09T06:00:00+08:00
SM-0056-04,SUP-058,MAT-0056,4,24,50,7156,361.29,1.22,1,2026-06-07T03:00:00+08:00
SM-0056-05,SUP-033,MAT-0056,5,72,500,7692,304.25,1.26,1,2026-06-12T14:00:00+08:00
SM-0057-01,SUP-025,MAT-0057,1,120,100,7006,157.14,1.09,0,2026-06-10T03:00:00+08:00
SM-0057-02,SUP-054,MAT-0057,2,72,100,13578,129.71,1.13,1,2026-06-14T21:00:00+08:00
SM-0057-03,SUP-060,MAT-0057,3,120,50,499,141.37,1.17,1,2026-06-08T13:00:00+08:00
SM-0057-04,SUP-057,MAT-0057,4,48,500,9454,131.94,1.45,1,2026-06-13T08:00:00+08:00
SM-0057-05,SUP-012,MAT-0057,5,96,50,13107,146.16,1.17,1,2026-06-13T04:00:00+08:00
SM-0057-06,SUP-009,MAT-0057,6,120,100,13968,158.93,1.26,1,2026-06-09T08:00:00+08:00
SM-0058-01,SUP-022,MAT-0058,1,24,1000,5793,602.18,1.33,1,2026-06-11T18:00:00+08:00
SM-0058-02,SUP-035,MAT-0058,2,96,200,11547,448.75,1.38,1,2026-06-10T05:00:00+08:00
SM-0058-03,SUP-045,MAT-0058,3,48,500,8090,516.98,1.54,1,2026-06-06T14:00:00+08:00
SM-0059-01,SUP-056,MAT-0059,1,36,1000,8281,740.17,1.49,1,2026-06-11T07:00:00+08:00
SM-0059-02,SUP-046,MAT-0059,2,36,200,4071,804.3,1.09,1,2026-06-09T02:00:00+08:00
SM-0059-03,SUP-051,MAT-0059,3,96,50,12885,766.52,1.64,0,2026-06-09T12:00:00+08:00
SM-0060-01,SUP-048,MAT-0060,1,48,50,4155,537.43,1.39,1,2026-06-13T10:00:00+08:00
SM-0060-02,SUP-035,MAT-0060,2,24,200,14852,553.7,1.42,1,2026-06-05T14:00:00+08:00
SM-0060-03,SUP-019,MAT-0060,3,96,500,2027,489.56,1.63,1,2026-06-14T05:00:00+08:00
SM-0060-04,SUP-051,MAT-0060,4,96,1000,9199,622.75,1.39,0,2026-06-14T04:00:00+08:00
SM-0061-01,SUP-046,MAT-0061,1,36,50,3260,386.25,1.61,1,2026-06-08T02:00:00+08:00
SM-0061-02,SUP-033,MAT-0061,2,24,500,14431,366.01,1.42,1,2026-06-09T20:00:00+08:00
SM-0061-03,SUP-037,MAT-0061,3,24,100,4263,397.83,1.61,0,2026-06-12T09:00:00+08:00
SM-0061-04,SUP-012,MAT-0061,4,120,200,7920,360.44,1.16,1,2026-06-06T02:00:00+08:00
SM-0061-05,SUP-018,MAT-0061,5,168,50,9607,303.34,1.08,1,2026-06-14T21:00:00+08:00
SM-0062-01,SUP-028,MAT-0062,1,36,200,12777,1070.87,1.08,1,2026-06-06T11:00:00+08:00
SM-0062-02,SUP-051,MAT-0062,2,120,100,6517,957.62,1.26,0,2026-06-10T05:00:00+08:00
SM-0062-03,SUP-053,MAT-0062,3,36,1000,1122,929.3,1.41,1,2026-06-05T17:00:00+08:00
SM-0063-01,SUP-032,MAT-0063,1,36,100,8445,106.31,1.59,1,2026-06-05T13:00:00+08:00
SM-0063-02,SUP-009,MAT-0063,2,120,500,1583,118.11,1.45,1,2026-06-10T22:00:00+08:00
SM-0063-03,SUP-050,MAT-0063,3,36,100,7093,104.21,1.18,0,2026-06-10T05:00:00+08:00
SM-0063-04,SUP-001,MAT-0063,4,96,200,14057,114.62,1.62,1,2026-06-07T15:00:00+08:00
SM-0064-01,SUP-025,MAT-0064,1,96,100,13586,93.97,1.57,0,2026-06-11T12:00:00+08:00
SM-0064-02,SUP-007,MAT-0064,2,168,50,5505,107.24,1.51,1,2026-06-15T05:00:00+08:00
SM-0064-03,SUP-026,MAT-0064,3,36,1000,1304,95.16,1.24,1,2026-06-13T10:00:00+08:00
SM-0065-01,SUP-001,MAT-0065,1,96,100,8637,466.96,1.18,1,2026-06-08T08:00:00+08:00
SM-0065-02,SUP-032,MAT-0065,2,72,500,12343,377.06,1.43,1,2026-06-13T18:00:00+08:00
SM-0065-03,SUP-025,MAT-0065,3,120,200,8541,434.02,1.61,0,2026-06-07T01:00:00+08:00
SM-0065-04,SUP-024,MAT-0065,4,120,200,7010,404.62,1.13,0,2026-06-09T23:00:00+08:00
SM-0065-05,SUP-033,MAT-0065,5,96,200,8719,353.17,1.35,1,2026-06-07T17:00:00+08:00
SM-0065-06,SUP-005,MAT-0065,6,96,200,10364,354.41,1.11,1,2026-06-14T18:00:00+08:00
SM-0066-01,SUP-033,MAT-0066,1,72,100,9153,153.49,1.13,1,2026-06-11T12:00:00+08:00
SM-0066-02,SUP-047,MAT-0066,2,72,100,2295,184.34,1.25,1,2026-06-11T08:00:00+08:00
SM-0066-03,SUP-019,MAT-0066,3,120,100,14850,143.23,1.37,1,2026-06-09T07:00:00+08:00
SM-0066-04,SUP-053,MAT-0066,4,96,200,4063,175.61,1.14,1,2026-06-10T06:00:00+08:00
SM-0066-05,SUP-031,MAT-0066,5,72,500,6272,202.3,1.48,0,2026-06-07T17:00:00+08:00
SM-0067-01,SUP-052,MAT-0067,1,120,200,13550,63.05,1.41,1,2026-06-09T01:00:00+08:00
SM-0067-02,SUP-010,MAT-0067,2,36,200,10705,71.11,1.27,1,2026-06-14T01:00:00+08:00
SM-0067-03,SUP-030,MAT-0067,3,48,1000,710,65.58,1.28,1,2026-06-08T17:00:00+08:00
SM-0067-04,SUP-015,MAT-0067,4,72,1000,11937,53.55,1.11,1,2026-06-15T06:00:00+08:00
SM-0067-05,SUP-059,MAT-0067,5,168,1000,5719,59.08,1.32,1,2026-06-10T09:00:00+08:00
SM-0067-06,SUP-020,MAT-0067,6,24,100,7699,65.97,1.37,1,2026-06-15T02:00:00+08:00
SM-0068-01,SUP-043,MAT-0068,1,36,500,6937,144.67,1.19,1,2026-06-14T05:00:00+08:00
SM-0068-02,SUP-013,MAT-0068,2,48,100,6863,135.08,1.14,1,2026-06-14T15:00:00+08:00
SM-0068-03,SUP-055,MAT-0068,3,36,100,8320,135.85,1.37,1,2026-06-06T23:00:00+08:00
SM-0068-04,SUP-044,MAT-0068,4,48,50,7759,121.59,1.43,1,2026-06-07T17:00:00+08:00
SM-0069-01,SUP-037,MAT-0069,1,48,500,11556,498.98,1.63,0,2026-06-12T16:00:00+08:00
SM-0069-02,SUP-022,MAT-0069,2,96,500,10575,493.44,1.44,1,2026-06-12T11:00:00+08:00
SM-0069-03,SUP-013,MAT-0069,3,36,1000,2760,546.0,1.53,1,2026-06-14T10:00:00+08:00
SM-0069-04,SUP-014,MAT-0069,4,96,50,7694,502.0,1.28,1,2026-06-09T00:00:00+08:00
SM-0069-05,SUP-051,MAT-0069,5,168,1000,1658,439.53,1.4,0,2026-06-06T08:00:00+08:00
SM-0070-01,SUP-044,MAT-0070,1,120,500,6128,149.56,1.18,1,2026-06-12T00:00:00+08:00
SM-0070-02,SUP-036,MAT-0070,2,24,1000,14865,138.3,1.61,1,2026-06-14T03:00:00+08:00
SM-0070-03,SUP-042,MAT-0070,3,36,500,14018,141.52,1.52,1,2026-06-13T08:00:00+08:00
SM-0070-04,SUP-039,MAT-0070,4,72,1000,2781,121.54,1.55,1,2026-06-09T10:00:00+08:00
SM-0070-05,SUP-035,MAT-0070,5,48,50,7269,139.24,1.13,1,2026-06-05T11:00:00+08:00
SM-0071-01,SUP-023,MAT-0071,1,168,1000,1539,34.16,1.38,1,2026-06-13T10:00:00+08:00
SM-0071-02,SUP-014,MAT-0071,2,48,100,6887,27.94,1.13,1,2026-06-06T04:00:00+08:00
SM-0071-03,SUP-050,MAT-0071,3,96,500,14420,33.03,1.16,0,2026-06-10T10:00:00+08:00
SM-0071-04,SUP-054,MAT-0071,4,24,100,14168,26.69,1.58,1,2026-06-10T21:00:00+08:00
SM-0071-05,SUP-013,MAT-0071,5,72,1000,707,29.33,1.43,1,2026-06-13T11:00:00+08:00
SM-0072-01,SUP-050,MAT-0072,1,48,500,12646,956.09,1.55,0,2026-06-07T08:00:00+08:00
SM-0072-02,SUP-008,MAT-0072,2,36,50,10004,801.9,1.22,0,2026-06-13T15:00:00+08:00
SM-0072-03,SUP-010,MAT-0072,3,96,1000,6735,1081.81,1.15,1,2026-06-13T11:00:00+08:00
SM-0072-04,SUP-012,MAT-0072,4,96,50,13967,1037.07,1.63,1,2026-06-15T02:00:00+08:00
SM-0072-05,SUP-015,MAT-0072,5,24,1000,9113,918.4,1.35,1,2026-06-12T05:00:00+08:00
SM-0073-01,SUP-043,MAT-0073,1,96,200,9000,19.47,1.57,1,2026-06-11T01:00:00+08:00
SM-0073-02,SUP-029,MAT-0073,2,24,200,14773,20.33,1.21,1,2026-06-11T09:00:00+08:00
SM-0073-03,SUP-031,MAT-0073,3,24,100,14868,23.67,1.15,0,2026-06-12T09:00:00+08:00
SM-0073-04,SUP-034,MAT-0073,4,120,200,12946,23.69,1.42,1,2026-06-08T05:00:00+08:00
SM-0073-05,SUP-056,MAT-0073,5,120,500,7546,19.84,1.3,1,2026-06-09T12:00:00+08:00
SM-0073-06,SUP-002,MAT-0073,6,36,500,12506,22.5,1.46,1,2026-06-11T09:00:00+08:00
SM-0074-01,SUP-022,MAT-0074,1,24,500,4268,15.7,1.62,1,2026-06-10T11:00:00+08:00
SM-0074-02,SUP-021,MAT-0074,2,24,50,11867,17.14,1.19,1,2026-06-07T20:00:00+08:00
SM-0074-03,SUP-006,MAT-0074,3,36,1000,7350,20.45,1.65,0,2026-06-08T16:00:00+08:00
SM-0074-04,SUP-011,MAT-0074,4,72,500,3151,15.25,1.45,1,2026-06-12T20:00:00+08:00
SM-0074-05,SUP-049,MAT-0074,5,24,100,7417,15.83,1.34,1,2026-06-06T06:00:00+08:00
SM-0075-01,SUP-024,MAT-0075,1,120,50,4882,194.46,1.46,0,2026-06-09T02:00:00+08:00
SM-0075-02,SUP-045,MAT-0075,2,36,50,8185,236.88,1.16,1,2026-06-09T17:00:00+08:00
SM-0075-03,SUP-040,MAT-0075,3,36,200,3740,214.45,1.31,1,2026-06-09T00:00:00+08:00
SM-0076-01,SUP-025,MAT-0076,1,120,100,2797,300.89,1.64,0,2026-06-06T20:00:00+08:00
SM-0076-02,SUP-007,MAT-0076,2,96,1000,9478,324.05,1.42,1,2026-06-14T22:00:00+08:00
SM-0076-03,SUP-008,MAT-0076,3,48,50,2168,299.46,1.16,0,2026-06-11T04:00:00+08:00
SM-0077-01,SUP-060,MAT-0077,1,96,500,11446,5.52,1.42,1,2026-06-12T09:00:00+08:00
SM-0077-02,SUP-058,MAT-0077,2,48,100,12165,5.83,1.51,1,2026-06-14T06:00:00+08:00
SM-0077-03,SUP-004,MAT-0077,3,24,500,3889,5.64,1.16,1,2026-06-11T20:00:00+08:00
SM-0077-04,SUP-045,MAT-0077,4,48,200,1225,6.82,1.34,1,2026-06-12T14:00:00+08:00
SM-0077-05,SUP-003,MAT-0077,5,24,1000,4479,6.25,1.09,1,2026-06-13T01:00:00+08:00
SM-0077-06,SUP-019,MAT-0077,6,168,200,12102,5.17,1.56,1,2026-06-10T09:00:00+08:00
SM-0078-01,SUP-019,MAT-0078,1,72,200,14501,226.21,1.54,1,2026-06-07T19:00:00+08:00
SM-0078-02,SUP-014,MAT-0078,2,72,50,14933,206.85,1.62,1,2026-06-12T11:00:00+08:00
SM-0078-03,SUP-058,MAT-0078,3,120,500,3794,203.59,1.57,1,2026-06-12T00:00:00+08:00
SM-0079-01,SUP-057,MAT-0079,1,120,200,10886,43.97,1.2,1,2026-06-05T09:00:00+08:00
SM-0079-02,SUP-009,MAT-0079,2,72,200,1773,36.81,1.32,1,2026-06-13T04:00:00+08:00
SM-0079-03,SUP-024,MAT-0079,3,120,100,2040,41.03,1.48,0,2026-06-14T08:00:00+08:00
SM-0079-04,SUP-006,MAT-0079,4,120,500,5952,43.84,1.09,0,2026-06-13T06:00:00+08:00
SM-0080-01,SUP-058,MAT-0080,1,96,200,11672,204.09,1.39,1,2026-06-09T15:00:00+08:00
SM-0080-02,SUP-024,MAT-0080,2,72,200,7837,250.21,1.09,0,2026-06-05T11:00:00+08:00
SM-0080-03,SUP-011,MAT-0080,3,48,100,1301,215.47,1.59,1,2026-06-06T05:00:00+08:00
SM-0080-04,SUP-007,MAT-0080,4,168,100,8287,189.9,1.61,1,2026-06-06T08:00:00+08:00
SM-0080-05,SUP-002,MAT-0080,5,36,1000,2279,261.0,1.43,1,2026-06-14T02:00:00+08:00
SM-0080-06,SUP-023,MAT-0080,6,24,100,14136,256.21,1.23,1,2026-06-05T17:00:00+08:00
SM-0081-01,SUP-051,MAT-0081,1,168,100,6542,690.28,1.43,0,2026-06-10T16:00:00+08:00
SM-0081-02,SUP-012,MAT-0081,2,36,100,1278,663.41,1.45,1,2026-06-06T16:00:00+08:00
SM-0081-03,SUP-024,MAT-0081,3,48,50,4268,656.07,1.37,0,2026-06-07T10:00:00+08:00
SM-0081-04,SUP-039,MAT-0081,4,96,500,14722,647.78,1.31,1,2026-06-10T20:00:00+08:00
SM-0081-05,SUP-054,MAT-0081,5,96,100,13778,534.52,1.21,1,2026-06-12T14:00:00+08:00
SM-0082-01,SUP-008,MAT-0082,1,96,500,6989,314.84,1.22,0,2026-06-14T18:00:00+08:00
SM-0082-02,SUP-005,MAT-0082,2,48,50,11461,338.0,1.13,1,2026-06-10T03:00:00+08:00
SM-0082-03,SUP-043,MAT-0082,3,120,1000,14804,347.52,1.29,1,2026-06-08T05:00:00+08:00
SM-0083-01,SUP-035,MAT-0083,1,36,100,14924,279.87,1.06,1,2026-06-08T11:00:00+08:00
SM-0083-02,SUP-047,MAT-0083,2,72,500,3535,291.67,1.34,1,2026-06-13T18:00:00+08:00
SM-0083-03,SUP-002,MAT-0083,3,36,50,403,288.86,1.26,1,2026-06-06T10:00:00+08:00
SM-0084-01,SUP-042,MAT-0084,1,48,50,14945,368.4,1.48,1,2026-06-08T03:00:00+08:00
SM-0084-02,SUP-058,MAT-0084,2,36,50,13642,381.91,1.57,1,2026-06-08T14:00:00+08:00
SM-0084-03,SUP-044,MAT-0084,3,96,1000,11763,450.0,1.57,1,2026-06-10T06:00:00+08:00
SM-0084-04,SUP-059,MAT-0084,4,96,100,6850,431.95,1.56,1,2026-06-12T03:00:00+08:00
SM-0084-05,SUP-026,MAT-0084,5,168,1000,2872,440.07,1.4,1,2026-06-09T01:00:00+08:00
SM-0084-06,SUP-034,MAT-0084,6,36,500,9417,409.94,1.64,1,2026-06-10T12:00:00+08:00
SM-0085-01,SUP-053,MAT-0085,1,120,200,11682,556.42,1.08,1,2026-06-06T01:00:00+08:00
SM-0085-02,SUP-016,MAT-0085,2,120,50,12202,595.49,1.21,1,2026-06-08T16:00:00+08:00
SM-0085-03,SUP-008,MAT-0085,3,168,50,5276,429.96,1.22,0,2026-06-06T07:00:00+08:00
SM-0085-04,SUP-046,MAT-0085,4,36,50,3819,467.45,1.49,1,2026-06-14T08:00:00+08:00
SM-0085-05,SUP-034,MAT-0085,5,168,50,4849,448.29,1.64,1,2026-06-14T22:00:00+08:00
SM-0086-01,SUP-016,MAT-0086,1,120,50,10002,120.6,1.2,1,2026-06-06T05:00:00+08:00
SM-0086-02,SUP-019,MAT-0086,2,96,50,14962,109.9,1.26,1,2026-06-09T09:00:00+08:00
SM-0086-03,SUP-021,MAT-0086,3,24,1000,7869,89.31,1.6,1,2026-06-11T14:00:00+08:00
SM-0086-04,SUP-011,MAT-0086,4,120,50,8427,113.99,1.54,1,2026-06-12T05:00:00+08:00
SM-0087-01,SUP-018,MAT-0087,1,48,500,8529,38.82,1.28,1,2026-06-10T12:00:00+08:00
SM-0087-02,SUP-004,MAT-0087,2,48,100,8565,43.27,1.48,1,2026-06-13T10:00:00+08:00
SM-0087-03,SUP-005,MAT-0087,3,24,50,5351,39.91,1.42,1,2026-06-13T05:00:00+08:00
SM-0087-04,SUP-032,MAT-0087,4,48,200,14267,40.27,1.3,1,2026-06-14T18:00:00+08:00
SM-0087-05,SUP-017,MAT-0087,5,168,1000,13365,35.43,1.35,1,2026-06-05T23:00:00+08:00
SM-0087-06,SUP-045,MAT-0087,6,36,1000,14595,45.7,1.58,1,2026-06-06T18:00:00+08:00
SM-0088-01,SUP-038,MAT-0088,1,36,100,4988,489.17,1.36,1,2026-06-06T20:00:00+08:00
SM-0088-02,SUP-032,MAT-0088,2,168,1000,13124,533.09,1.43,1,2026-06-11T12:00:00+08:00
SM-0088-03,SUP-024,MAT-0088,3,36,1000,10551,541.31,1.19,0,2026-06-10T14:00:00+08:00
SM-0089-01,SUP-045,MAT-0089,1,36,50,6388,209.25,1.44,1,2026-06-07T13:00:00+08:00
SM-0089-02,SUP-001,MAT-0089,2,120,200,10877,252.23,1.23,1,2026-06-14T23:00:00+08:00
SM-0089-03,SUP-055,MAT-0089,3,24,100,4946,205.64,1.43,1,2026-06-08T21:00:00+08:00
SM-0090-01,SUP-059,MAT-0090,1,48,1000,3186,3.74,1.46,1,2026-06-14T05:00:00+08:00
SM-0090-02,SUP-040,MAT-0090,2,72,50,14335,3.83,1.18,1,2026-06-13T18:00:00+08:00
SM-0090-03,SUP-046,MAT-0090,3,48,500,1552,3.61,1.35,1,2026-06-10T20:00:00+08:00
SM-0090-04,SUP-060,MAT-0090,4,24,200,5628,4.92,1.12,1,2026-06-12T18:00:00+08:00
SM-0090-05,SUP-025,MAT-0090,5,24,500,8500,4.44,1.24,0,2026-06-12T14:00:00+08:00
SM-0090-06,SUP-041,MAT-0090,6,96,100,7664,3.95,1.29,0,2026-06-08T16:00:00+08:00
SM-0091-01,SUP-013,MAT-0091,1,120,1000,3249,72.25,1.23,1,2026-06-12T09:00:00+08:00
SM-0091-02,SUP-040,MAT-0091,2,24,100,14623,74.98,1.58,1,2026-06-13T05:00:00+08:00
SM-0091-03,SUP-008,MAT-0091,3,24,100,11496,68.87,1.64,0,2026-06-13T22:00:00+08:00
SM-0092-01,SUP-015,MAT-0092,1,24,1000,3562,141.29,1.35,1,2026-06-09T11:00:00+08:00
SM-0092-02,SUP-053,MAT-0092,2,72,500,14024,181.27,1.06,1,2026-06-07T08:00:00+08:00
SM-0092-03,SUP-012,MAT-0092,3,24,50,9834,160.52,1.14,1,2026-06-14T05:00:00+08:00
SM-0093-01,SUP-026,MAT-0093,1,120,100,13818,885.66,1.41,1,2026-06-07T19:00:00+08:00
SM-0093-02,SUP-047,MAT-0093,2,96,50,3281,856.9,1.29,1,2026-06-14T04:00:00+08:00
SM-0093-03,SUP-043,MAT-0093,3,120,1000,3256,1111.43,1.19,1,2026-06-14T06:00:00+08:00
SM-0093-04,SUP-040,MAT-0093,4,48,500,3349,914.69,1.38,1,2026-06-11T02:00:00+08:00
SM-0094-01,SUP-058,MAT-0094,1,168,1000,4748,211.18,1.09,1,2026-06-07T17:00:00+08:00
SM-0094-02,SUP-023,MAT-0094,2,168,500,12310,209.66,1.22,1,2026-06-08T16:00:00+08:00
SM-0094-03,SUP-013,MAT-0094,3,168,50,1013,232.4,1.34,1,2026-06-05T10:00:00+08:00
SM-0095-01,SUP-003,MAT-0095,1,96,1000,5171,411.96,1.19,1,2026-06-07T03:00:00+08:00
SM-0095-02,SUP-047,MAT-0095,2,168,100,2222,305.89,1.62,1,2026-06-14T13:00:00+08:00
SM-0095-03,SUP-043,MAT-0095,3,96,100,12961,361.39,1.49,1,2026-06-13T12:00:00+08:00
SM-0095-04,SUP-033,MAT-0095,4,36,500,442,315.01,1.25,1,2026-06-09T02:00:00+08:00
SM-0095-05,SUP-001,MAT-0095,5,120,100,3550,333.64,1.45,1,2026-06-09T14:00:00+08:00
SM-0096-01,SUP-041,MAT-0096,1,48,200,7595,305.92,1.41,0,2026-06-05T23:00:00+08:00
SM-0096-02,SUP-059,MAT-0096,2,96,1000,8185,231.05,1.1,1,2026-06-06T17:00:00+08:00
SM-0096-03,SUP-027,MAT-0096,3,72,100,6632,318.05,1.55,0,2026-06-07T14:00:00+08:00
SM-0096-04,SUP-028,MAT-0096,4,96,500,10753,315.65,1.61,1,2026-06-05T10:00:00+08:00
SM-0096-05,SUP-006,MAT-0096,5,120,50,1660,235.54,1.34,0,2026-06-05T19:00:00+08:00
SM-0097-01,SUP-007,MAT-0097,1,36,100,4676,953.91,1.07,1,2026-06-11T02:00:00+08:00
SM-0097-02,SUP-017,MAT-0097,2,24,1000,2193,747.22,1.15,1,2026-06-11T23:00:00+08:00
SM-0097-03,SUP-006,MAT-0097,3,72,200,8377,917.05,1.07,0,2026-06-14T08:00:00+08:00
SM-0097-04,SUP-034,MAT-0097,4,96,200,7773,973.6,1.45,1,2026-06-06T23:00:00+08:00
SM-0097-05,SUP-037,MAT-0097,5,168,100,7954,998.17,1.1,0,2026-06-10T12:00:00+08:00
SM-0097-06,SUP-013,MAT-0097,6,120,1000,13601,713.55,1.13,1,2026-06-13T19:00:00+08:00
SM-0098-01,SUP-012,MAT-0098,1,24,500,11694,108.32,1.21,1,2026-06-11T19:00:00+08:00
SM-0098-02,SUP-016,MAT-0098,2,168,1000,4091,113.39,1.63,1,2026-06-08T15:00:00+08:00
SM-0098-03,SUP-046,MAT-0098,3,24,100,4392,84.3,1.13,1,2026-06-07T14:00:00+08:00
SM-0099-01,SUP-046,MAT-0099,1,120,200,1506,52.16,1.41,1,2026-06-09T07:00:00+08:00
SM-0099-02,SUP-013,MAT-0099,2,120,1000,5470,48.98,1.3,1,2026-06-12T13:00:00+08:00
SM-0099-03,SUP-001,MAT-0099,3,24,100,7264,43.45,1.07,1,2026-06-05T13:00:00+08:00
SM-0099-04,SUP-058,MAT-0099,4,48,500,11707,53.03,1.19,1,2026-06-05T18:00:00+08:00
SM-0099-05,SUP-034,MAT-0099,5,24,100,1914,47.97,1.06,1,2026-06-14T20:00:00+08:00
SM-0099-06,SUP-051,MAT-0099,6,96,200,9007,37.61,1.58,0,2026-06-13T14:00:00+08:00
SM-0100-01,SUP-037,MAT-0100,1,96,50,14497,344.2,1.44,0,2026-06-14T19:00:00+08:00
SM-0100-02,SUP-031,MAT-0100,2,36,500,12045,268.32,1.2,0,2026-06-11T09:00:00+08:00
SM-0100-03,SUP-010,MAT-0100,3,96,50,7768,350.09,1.56,1,2026-06-12T13:00:00+08:00
SM-0100-04,SUP-048,MAT-0100,4,168,1000,8414,333.27,1.62,1,2026-06-10T22:00:00+08:00
SM-0101-01,SUP-003,MAT-0101,1,96,100,2265,464.43,1.26,1,2026-06-10T12:00:00+08:00
SM-0101-02,SUP-058,MAT-0101,2,36,50,356,357.68,1.06,1,2026-06-07T12:00:00+08:00
SM-0101-03,SUP-026,MAT-0101,3,48,50,10085,385.65,1.17,1,2026-06-13T14:00:00+08:00
SM-0101-04,SUP-028,MAT-0101,4,72,500,1027,384.09,1.58,1,2026-06-08T20:00:00+08:00
SM-0101-05,SUP-056,MAT-0101,5,72,1000,2672,449.47,1.62,1,2026-06-06T12:00:00+08:00
SM-0102-01,SUP-029,MAT-0102,1,36,1000,7939,38.54,1.62,1,2026-06-12T10:00:00+08:00
SM-0102-02,SUP-007,MAT-0102,2,96,500,11864,38.61,1.06,1,2026-06-13T13:00:00+08:00
SM-0102-03,SUP-006,MAT-0102,3,96,200,7344,47.24,1.21,0,2026-06-06T03:00:00+08:00
SM-0102-04,SUP-025,MAT-0102,4,48,50,12616,53.48,1.43,0,2026-06-13T11:00:00+08:00
SM-0102-05,SUP-052,MAT-0102,5,24,500,4396,43.84,1.15,1,2026-06-05T18:00:00+08:00
SM-0103-01,SUP-055,MAT-0103,1,96,200,4669,606.4,1.06,1,2026-06-10T22:00:00+08:00
SM-0103-02,SUP-018,MAT-0103,2,48,100,13414,598.11,1.51,1,2026-06-11T16:00:00+08:00
SM-0103-03,SUP-042,MAT-0103,3,96,1000,9216,607.08,1.44,1,2026-06-06T12:00:00+08:00
SM-0103-04,SUP-020,MAT-0103,4,96,200,9060,769.36,1.07,1,2026-06-08T06:00:00+08:00
SM-0103-05,SUP-045,MAT-0103,5,168,200,6237,766.51,1.52,1,2026-06-07T02:00:00+08:00
SM-0103-06,SUP-035,MAT-0103,6,24,1000,10594,778.41,1.62,1,2026-06-05T15:00:00+08:00
SM-0104-01,SUP-056,MAT-0104,1,24,100,11197,870.22,1.49,1,2026-06-12T04:00:00+08:00
SM-0104-02,SUP-060,MAT-0104,2,36,100,13223,930.59,1.4,1,2026-06-09T01:00:00+08:00
SM-0104-03,SUP-041,MAT-0104,3,72,1000,13410,822.6,1.32,0,2026-06-12T20:00:00+08:00
SM-0105-01,SUP-036,MAT-0105,1,48,200,10428,584.62,1.43,1,2026-06-09T18:00:00+08:00
SM-0105-02,SUP-043,MAT-0105,2,96,200,14040,652.44,1.41,1,2026-06-12T21:00:00+08:00
SM-0105-03,SUP-027,MAT-0105,3,36,50,5783,563.1,1.26,0,2026-06-13T17:00:00+08:00
SM-0105-04,SUP-006,MAT-0105,4,168,200,8269,584.81,1.19,0,2026-06-15T07:00:00+08:00
SM-0105-05,SUP-033,MAT-0105,5,72,500,2296,582.37,1.58,1,2026-06-10T22:00:00+08:00
SM-0105-06,SUP-016,MAT-0105,6,36,200,9885,785.42,1.26,1,2026-06-11T03:00:00+08:00
SM-0106-01,SUP-052,MAT-0106,1,24,200,1465,775.88,1.11,1,2026-06-08T07:00:00+08:00
SM-0106-02,SUP-022,MAT-0106,2,96,1000,8740,787.04,1.54,1,2026-06-10T19:00:00+08:00
SM-0106-03,SUP-016,MAT-0106,3,36,50,5447,637.7,1.3,1,2026-06-09T14:00:00+08:00
SM-0106-04,SUP-051,MAT-0106,4,24,200,1800,668.99,1.54,0,2026-06-11T14:00:00+08:00
SM-0106-05,SUP-015,MAT-0106,5,24,1000,5176,702.64,1.57,1,2026-06-07T00:00:00+08:00
SM-0106-06,SUP-014,MAT-0106,6,72,500,6250,764.11,1.24,1,2026-06-14T10:00:00+08:00
SM-0107-01,SUP-058,MAT-0107,1,72,200,8037,368.41,1.32,1,2026-06-06T19:00:00+08:00
SM-0107-02,SUP-049,MAT-0107,2,24,500,9400,421.19,1.54,1,2026-06-09T19:00:00+08:00
SM-0107-03,SUP-020,MAT-0107,3,168,200,1766,408.02,1.42,1,2026-06-12T03:00:00+08:00
SM-0107-04,SUP-056,MAT-0107,4,48,500,1321,386.01,1.23,1,2026-06-13T13:00:00+08:00
SM-0107-05,SUP-004,MAT-0107,5,24,1000,13055,391.57,1.3,1,2026-06-09T06:00:00+08:00
SM-0108-01,SUP-055,MAT-0108,1,72,200,9499,324.6,1.1,1,2026-06-06T18:00:00+08:00
SM-0108-02,SUP-011,MAT-0108,2,96,1000,13195,293.16,1.16,1,2026-06-10T13:00:00+08:00
SM-0108-03,SUP-016,MAT-0108,3,48,50,1691,321.46,1.22,1,2026-06-12T08:00:00+08:00
SM-0109-01,SUP-046,MAT-0109,1,96,500,2879,34.71,1.3,1,2026-06-05T22:00:00+08:00
SM-0109-02,SUP-021,MAT-0109,2,24,200,1983,39.12,1.08,1,2026-06-14T04:00:00+08:00
SM-0109-03,SUP-028,MAT-0109,3,48,100,8613,35.75,1.23,1,2026-06-09T21:00:00+08:00
SM-0109-04,SUP-059,MAT-0109,4,72,500,7642,40.44,1.23,1,2026-06-07T22:00:00+08:00
SM-0110-01,SUP-006,MAT-0110,1,120,1000,10929,17.99,1.57,0,2026-06-13T12:00:00+08:00
SM-0110-02,SUP-044,MAT-0110,2,48,50,8438,19.3,1.55,1,2026-06-14T02:00:00+08:00
SM-0110-03,SUP-028,MAT-0110,3,96,100,10839,17.09,1.35,1,2026-06-09T11:00:00+08:00
SM-0110-04,SUP-015,MAT-0110,4,36,100,4264,18.8,1.32,1,2026-06-06T05:00:00+08:00
SM-0111-01,SUP-025,MAT-0111,1,168,200,4212,48.96,1.56,0,2026-06-11T23:00:00+08:00
SM-0111-02,SUP-050,MAT-0111,2,96,1000,12110,48.12,1.36,0,2026-06-12T05:00:00+08:00
SM-0111-03,SUP-006,MAT-0111,3,72,50,7885,40.23,1.06,0,2026-06-09T19:00:00+08:00
SM-0111-04,SUP-060,MAT-0111,4,72,100,13732,40.94,1.1,1,2026-06-12T18:00:00+08:00
SM-0111-05,SUP-028,MAT-0111,5,72,50,11832,42.49,1.14,1,2026-06-05T20:00:00+08:00
SM-0111-06,SUP-036,MAT-0111,6,120,1000,3284,49.74,1.33,1,2026-06-06T16:00:00+08:00
SM-0112-01,SUP-046,MAT-0112,1,168,500,3163,17.75,1.51,1,2026-06-15T00:00:00+08:00
SM-0112-02,SUP-022,MAT-0112,2,48,500,385,18.85,1.22,1,2026-06-11T07:00:00+08:00
SM-0112-03,SUP-018,MAT-0112,3,96,50,5597,21.89,1.18,1,2026-06-08T12:00:00+08:00
SM-0112-04,SUP-001,MAT-0112,4,72,500,10098,19.03,1.12,1,2026-06-10T00:00:00+08:00
SM-0113-01,SUP-039,MAT-0113,1,48,200,8901,103.18,1.44,1,2026-06-08T07:00:00+08:00
SM-0113-02,SUP-049,MAT-0113,2,36,50,7884,99.14,1.64,1,2026-06-12T11:00:00+08:00
SM-0113-03,SUP-047,MAT-0113,3,24,1000,6520,106.49,1.2,1,2026-06-10T02:00:00+08:00
SM-0113-04,SUP-001,MAT-0113,4,96,100,12834,105.52,1.07,1,2026-06-08T14:00:00+08:00
SM-0113-05,SUP-034,MAT-0113,5,72,1000,7741,107.71,1.07,1,2026-06-11T14:00:00+08:00
SM-0113-06,SUP-023,MAT-0113,6,48,200,10136,89.54,1.26,1,2026-06-14T22:00:00+08:00
SM-0114-01,SUP-019,MAT-0114,1,120,200,5089,256.95,1.63,1,2026-06-05T21:00:00+08:00
SM-0114-02,SUP-023,MAT-0114,2,168,200,6726,248.96,1.46,1,2026-06-08T13:00:00+08:00
SM-0114-03,SUP-026,MAT-0114,3,120,100,12515,207.14,1.2,1,2026-06-12T17:00:00+08:00
SM-0114-04,SUP-047,MAT-0114,4,168,50,1266,270.3,1.05,1,2026-06-08T07:00:00+08:00
SM-0114-05,SUP-011,MAT-0114,5,24,50,10598,237.69,1.32,1,2026-06-11T15:00:00+08:00
SM-0115-01,SUP-054,MAT-0115,1,96,500,13923,332.3,1.23,1,2026-06-12T15:00:00+08:00
SM-0115-02,SUP-012,MAT-0115,2,36,100,7141,459.02,1.1,1,2026-06-06T10:00:00+08:00
SM-0115-03,SUP-018,MAT-0115,3,168,50,4885,458.61,1.57,1,2026-06-10T10:00:00+08:00
SM-0115-04,SUP-026,MAT-0115,4,48,50,13100,383.64,1.37,1,2026-06-11T06:00:00+08:00
SM-0115-05,SUP-014,MAT-0115,5,168,1000,7471,369.79,1.4,1,2026-06-08T07:00:00+08:00
SM-0115-06,SUP-021,MAT-0115,6,96,200,1935,362.79,1.12,1,2026-06-12T05:00:00+08:00
SM-0116-01,SUP-001,MAT-0116,1,48,200,9648,98.23,1.28,1,2026-06-11T08:00:00+08:00
SM-0116-02,SUP-032,MAT-0116,2,168,50,10377,99.89,1.12,1,2026-06-10T22:00:00+08:00
SM-0116-03,SUP-018,MAT-0116,3,48,50,9628,102.86,1.5,1,2026-06-11T09:00:00+08:00
SM-0116-04,SUP-031,MAT-0116,4,120,50,1070,95.73,1.11,0,2026-06-06T04:00:00+08:00
SM-0116-05,SUP-039,MAT-0116,5,36,200,5514,128.37,1.42,1,2026-06-07T06:00:00+08:00
SM-0117-01,SUP-037,MAT-0117,1,36,200,3863,189.68,1.12,0,2026-06-09T16:00:00+08:00
SM-0117-02,SUP-036,MAT-0117,2,96,100,12714,199.22,1.57,1,2026-06-11T06:00:00+08:00
SM-0117-03,SUP-060,MAT-0117,3,96,500,7169,195.31,1.09,1,2026-06-14T07:00:00+08:00
SM-0117-04,SUP-034,MAT-0117,4,168,500,5542,238.62,1.11,1,2026-06-12T22:00:00+08:00
SM-0117-05,SUP-035,MAT-0117,5,120,1000,10109,175.08,1.21,1,2026-06-08T12:00:00+08:00
SM-0118-01,SUP-019,MAT-0118,1,168,1000,5101,356.75,1.5,1,2026-06-10T13:00:00+08:00
SM-0118-02,SUP-037,MAT-0118,2,120,200,2195,378.8,1.35,0,2026-06-05T21:00:00+08:00
SM-0118-03,SUP-025,MAT-0118,3,96,200,510,378.42,1.33,0,2026-06-08T23:00:00+08:00
SM-0119-01,SUP-019,MAT-0119,1,96,50,14882,2.69,1.34,1,2026-06-15T08:00:00+08:00
SM-0119-02,SUP-055,MAT-0119,2,96,50,7554,3.08,1.56,1,2026-06-09T13:00:00+08:00
SM-0119-03,SUP-013,MAT-0119,3,48,1000,11079,2.52,1.23,1,2026-06-13T01:00:00+08:00
SM-0120-01,SUP-034,MAT-0120,1,120,50,14354,16.96,1.41,1,2026-06-10T19:00:00+08:00
SM-0120-02,SUP-057,MAT-0120,2,24,500,2543,16.31,1.12,1,2026-06-12T20:00:00+08:00
SM-0120-03,SUP-055,MAT-0120,3,120,100,12900,15.07,1.54,1,2026-06-14T07:00:00+08:00
SM-0120-04,SUP-019,MAT-0120,4,168,500,14690,15.07,1.36,1,2026-06-10T20:00:00+08:00
SM-0120-05,SUP-028,MAT-0120,5,96,50,2054,19.41,1.57,1,2026-06-14T06:00:00+08:00
SM-0120-06,SUP-046,MAT-0120,6,96,100,7925,19.55,1.18,1,2026-06-08T10:00:00+08:00
SM-0121-01,SUP-030,MAT-0121,1,48,500,3558,195.03,1.26,1,2026-06-14T00:00:00+08:00
SM-0121-02,SUP-055,MAT-0121,2,24,100,9183,188.18,1.6,1,2026-06-12T19:00:00+08:00
SM-0121-03,SUP-002,MAT-0121,3,168,500,8586,170.39,1.2,1,2026-06-07T05:00:00+08:00
SM-0121-04,SUP-027,MAT-0121,4,36,100,10707,171.56,1.34,0,2026-06-12T07:00:00+08:00
SM-0121-05,SUP-019,MAT-0121,5,120,500,1076,179.09,1.23,1,2026-06-14T17:00:00+08:00
SM-0122-01,SUP-059,MAT-0122,1,120,200,468,92.66,1.2,1,2026-06-06T20:00:00+08:00
SM-0122-02,SUP-004,MAT-0122,2,72,500,455,98.6,1.46,1,2026-06-06T20:00:00+08:00
SM-0122-03,SUP-020,MAT-0122,3,168,500,4659,94.87,1.37,1,2026-06-08T01:00:00+08:00
SM-0122-04,SUP-005,MAT-0122,4,72,50,9016,89.65,1.18,1,2026-06-11T11:00:00+08:00
SM-0123-01,SUP-035,MAT-0123,1,120,200,14368,135.01,1.54,1,2026-06-06T01:00:00+08:00
SM-0123-02,SUP-016,MAT-0123,2,36,200,4534,137.52,1.18,1,2026-06-12T02:00:00+08:00
SM-0123-03,SUP-012,MAT-0123,3,168,50,2271,127.83,1.59,1,2026-06-09T10:00:00+08:00
SM-0123-04,SUP-002,MAT-0123,4,72,50,13741,120.57,1.12,1,2026-06-09T14:00:00+08:00
SM-0123-05,SUP-025,MAT-0123,5,120,50,8839,134.85,1.59,0,2026-06-12T13:00:00+08:00
SM-0124-01,SUP-012,MAT-0124,1,120,200,849,582.22,1.11,1,2026-06-12T17:00:00+08:00
SM-0124-02,SUP-006,MAT-0124,2,96,200,1912,550.73,1.51,0,2026-06-13T05:00:00+08:00
SM-0124-03,SUP-032,MAT-0124,3,36,100,9151,544.44,1.19,1,2026-06-07T15:00:00+08:00
SM-0125-01,SUP-043,MAT-0125,1,96,100,7217,1047.09,1.23,1,2026-06-13T05:00:00+08:00
SM-0125-02,SUP-009,MAT-0125,2,24,200,8293,761.81,1.22,1,2026-06-06T13:00:00+08:00
SM-0125-03,SUP-021,MAT-0125,3,96,1000,892,858.6,1.41,1,2026-06-05T11:00:00+08:00
SM-0125-04,SUP-034,MAT-0125,4,24,1000,11318,760.89,1.27,1,2026-06-06T08:00:00+08:00
SM-0125-05,SUP-027,MAT-0125,5,36,500,9956,1028.15,1.56,0,2026-06-06T00:00:00+08:00
SM-0126-01,SUP-009,MAT-0126,1,168,500,5895,455.43,1.14,1,2026-06-07T08:00:00+08:00
SM-0126-02,SUP-026,MAT-0126,2,24,200,8148,498.15,1.41,1,2026-06-12T09:00:00+08:00
SM-0126-03,SUP-059,MAT-0126,3,96,1000,13429,544.75,1.28,1,2026-06-15T04:00:00+08:00
SM-0126-04,SUP-013,MAT-0126,4,24,50,4732,407.73,1.39,1,2026-06-14T15:00:00+08:00
SM-0127-01,SUP-003,MAT-0127,1,24,200,11500,1059.14,1.49,1,2026-06-13T12:00:00+08:00
SM-0127-02,SUP-005,MAT-0127,2,36,50,12961,883.24,1.34,1,2026-06-12T23:00:00+08:00
SM-0127-03,SUP-022,MAT-0127,3,168,1000,4972,1171.3,1.32,1,2026-06-10T21:00:00+08:00
SM-0127-04,SUP-049,MAT-0127,4,48,1000,610,1091.54,1.32,1,2026-06-12T23:00:00+08:00
SM-0127-05,SUP-026,MAT-0127,5,72,1000,11579,945.2,1.6,1,2026-06-11T06:00:00+08:00
SM-0127-06,SUP-016,MAT-0127,6,168,50,14912,1187.49,1.19,1,2026-06-08T06:00:00+08:00
SM-0128-01,SUP-022,MAT-0128,1,168,1000,10826,54.58,1.24,1,2026-06-07T02:00:00+08:00
SM-0128-02,SUP-048,MAT-0128,2,24,500,12555,46.44,1.48,1,2026-06-09T14:00:00+08:00
SM-0128-03,SUP-025,MAT-0128,3,24,100,6200,50.94,1.39,0,2026-06-08T02:00:00+08:00
SM-0129-01,SUP-039,MAT-0129,1,48,100,3610,494.04,1.4,1,2026-06-10T06:00:00+08:00
SM-0129-02,SUP-047,MAT-0129,2,72,1000,10398,450.78,1.24,1,2026-06-12T22:00:00+08:00
SM-0129-03,SUP-053,MAT-0129,3,120,500,1334,500.78,1.64,1,2026-06-10T18:00:00+08:00
SM-0129-04,SUP-050,MAT-0129,4,72,100,14364,538.96,1.49,0,2026-06-14T21:00:00+08:00
SM-0130-01,SUP-005,MAT-0130,1,36,1000,11360,566.52,1.44,1,2026-06-13T21:00:00+08:00
SM-0130-02,SUP-011,MAT-0130,2,36,50,5177,538.63,1.12,1,2026-06-12T02:00:00+08:00
SM-0130-03,SUP-035,MAT-0130,3,120,200,2687,658.32,1.53,1,2026-06-13T05:00:00+08:00
SM-0130-04,SUP-058,MAT-0130,4,24,500,487,587.58,1.21,1,2026-06-12T11:00:00+08:00
SM-0130-05,SUP-016,MAT-0130,5,36,50,5099,625.17,1.25,1,2026-06-08T15:00:00+08:00
SM-0131-01,SUP-056,MAT-0131,1,48,1000,6871,458.76,1.52,1,2026-06-11T22:00:00+08:00
SM-0131-02,SUP-033,MAT-0131,2,96,100,12172,528.17,1.48,1,2026-06-11T00:00:00+08:00
SM-0131-03,SUP-013,MAT-0131,3,72,200,8602,525.14,1.18,1,2026-06-13T07:00:00+08:00
SM-0131-04,SUP-028,MAT-0131,4,24,500,536,472.7,1.08,1,2026-06-08T10:00:00+08:00
SM-0131-05,SUP-048,MAT-0131,5,96,100,9521,592.17,1.4,1,2026-06-07T04:00:00+08:00
SM-0131-06,SUP-041,MAT-0131,6,36,50,14766,512.19,1.05,0,2026-06-15T05:00:00+08:00
SM-0132-01,SUP-019,MAT-0132,1,36,500,6251,47.42,1.59,1,2026-06-11T20:00:00+08:00
SM-0132-02,SUP-015,MAT-0132,2,72,1000,9200,50.55,1.47,1,2026-06-14T09:00:00+08:00
SM-0132-03,SUP-005,MAT-0132,3,48,200,8755,49.51,1.13,1,2026-06-11T07:00:00+08:00
SM-0132-04,SUP-026,MAT-0132,4,48,100,2662,41.72,1.41,1,2026-06-13T00:00:00+08:00
SM-0132-05,SUP-036,MAT-0132,5,36,50,5228,38.95,1.44,1,2026-06-06T23:00:00+08:00
SM-0133-01,SUP-040,MAT-0133,1,36,100,524,60.48,1.15,1,2026-06-07T00:00:00+08:00
SM-0133-02,SUP-026,MAT-0133,2,48,100,4102,46.62,1.52,1,2026-06-10T05:00:00+08:00
SM-0133-03,SUP-020,MAT-0133,3,24,200,8809,56.46,1.33,1,2026-06-14T03:00:00+08:00
SM-0134-01,SUP-030,MAT-0134,1,48,200,9027,261.18,1.22,1,2026-06-07T17:00:00+08:00
SM-0134-02,SUP-029,MAT-0134,2,72,1000,10665,245.18,1.14,1,2026-06-13T07:00:00+08:00
SM-0134-03,SUP-006,MAT-0134,3,168,500,8645,218.54,1.4,0,2026-06-10T19:00:00+08:00
SM-0134-04,SUP-045,MAT-0134,4,168,100,11983,205.17,1.08,1,2026-06-10T16:00:00+08:00
SM-0135-01,SUP-058,MAT-0135,1,168,100,6879,31.13,1.24,1,2026-06-11T09:00:00+08:00
SM-0135-02,SUP-053,MAT-0135,2,24,100,7964,32.05,1.49,1,2026-06-12T16:00:00+08:00
SM-0135-03,SUP-052,MAT-0135,3,168,100,3996,41.92,1.07,1,2026-06-10T11:00:00+08:00
SM-0135-04,SUP-059,MAT-0135,4,24,50,5444,39.86,1.64,1,2026-06-10T20:00:00+08:00
SM-0136-01,SUP-052,MAT-0136,1,72,500,9251,852.81,1.28,1,2026-06-07T16:00:00+08:00
SM-0136-02,SUP-023,MAT-0136,2,120,100,5642,794.05,1.31,1,2026-06-11T20:00:00+08:00
SM-0136-03,SUP-049,MAT-0136,3,120,200,6786,780.71,1.47,1,2026-06-13T21:00:00+08:00
SM-0136-04,SUP-016,MAT-0136,4,24,500,14766,736.69,1.36,1,2026-06-07T06:00:00+08:00
SM-0136-05,SUP-060,MAT-0136,5,120,100,1544,734.08,1.41,1,2026-06-09T22:00:00+08:00
SM-0136-06,SUP-038,MAT-0136,6,36,100,3557,735.13,1.26,1,2026-06-07T18:00:00+08:00
SM-0137-01,SUP-011,MAT-0137,1,72,100,3927,1299.03,1.4,1,2026-06-11T22:00:00+08:00
SM-0137-02,SUP-045,MAT-0137,2,168,100,8605,934.81,1.25,1,2026-06-09T20:00:00+08:00
SM-0137-03,SUP-012,MAT-0137,3,120,100,4187,997.61,1.2,1,2026-06-11T04:00:00+08:00
SM-0137-04,SUP-056,MAT-0137,4,120,200,1334,945.53,1.33,1,2026-06-14T10:00:00+08:00
SM-0138-01,SUP-030,MAT-0138,1,96,50,8723,187.36,1.3,1,2026-06-15T02:00:00+08:00
SM-0138-02,SUP-047,MAT-0138,2,36,50,10618,190.55,1.16,1,2026-06-07T10:00:00+08:00
SM-0138-03,SUP-055,MAT-0138,3,36,500,10794,189.58,1.28,1,2026-06-06T13:00:00+08:00
SM-0138-04,SUP-042,MAT-0138,4,72,1000,1793,167.63,1.26,1,2026-06-08T14:00:00+08:00
SM-0139-01,SUP-044,MAT-0139,1,24,1000,11047,246.39,1.25,1,2026-06-08T12:00:00+08:00
SM-0139-02,SUP-058,MAT-0139,2,48,1000,3736,245.83,1.56,1,2026-06-06T19:00:00+08:00
SM-0139-03,SUP-037,MAT-0139,3,24,200,8709,232.93,1.15,0,2026-06-12T19:00:00+08:00
SM-0139-04,SUP-030,MAT-0139,4,120,1000,8554,216.19,1.48,1,2026-06-11T11:00:00+08:00
SM-0139-05,SUP-009,MAT-0139,5,48,1000,2516,203.51,1.38,1,2026-06-11T14:00:00+08:00
SM-0140-01,SUP-026,MAT-0140,1,72,1000,2439,149.22,1.34,1,2026-06-11T12:00:00+08:00
SM-0140-02,SUP-048,MAT-0140,2,168,100,2565,135.22,1.63,1,2026-06-11T23:00:00+08:00
SM-0140-03,SUP-041,MAT-0140,3,48,1000,7656,160.75,1.4,0,2026-06-14T08:00:00+08:00
SM-0140-04,SUP-049,MAT-0140,4,24,1000,3640,153.15,1.64,1,2026-06-09T20:00:00+08:00
SM-0140-05,SUP-017,MAT-0140,5,96,500,12956,156.35,1.63,1,2026-06-08T09:00:00+08:00
SM-0140-06,SUP-030,MAT-0140,6,48,200,5212,149.06,1.38,1,2026-06-13T20:00:00+08:00
SM-0141-01,SUP-052,MAT-0141,1,36,200,9249,221.31,1.53,1,2026-06-11T18:00:00+08:00
SM-0141-02,SUP-019,MAT-0141,2,36,500,13621,230.55,1.22,1,2026-06-06T01:00:00+08:00
SM-0141-03,SUP-022,MAT-0141,3,48,1000,14305,190.59,1.16,1,2026-06-11T17:00:00+08:00
SM-0141-04,SUP-017,MAT-0141,4,48,500,14071,211.38,1.14,1,2026-06-10T18:00:00+08:00
SM-0141-05,SUP-032,MAT-0141,5,120,100,14892,227.47,1.14,1,2026-06-14T01:00:00+08:00
SM-0141-06,SUP-040,MAT-0141,6,168,50,13004,259.1,1.58,1,2026-06-11T02:00:00+08:00
SM-0142-01,SUP-029,MAT-0142,1,72,500,4722,418.24,1.45,1,2026-06-07T08:00:00+08:00
SM-0142-02,SUP-032,MAT-0142,2,48,500,5984,481.87,1.07,1,2026-06-11T22:00:00+08:00
SM-0142-03,SUP-053,MAT-0142,3,96,50,12754,450.37,1.47,1,2026-06-12T14:00:00+08:00
SM-0142-04,SUP-044,MAT-0142,4,48,200,7231,376.73,1.55,1,2026-06-11T14:00:00+08:00
SM-0143-01,SUP-021,MAT-0143,1,72,200,3626,983.34,1.47,1,2026-06-07T22:00:00+08:00
SM-0143-02,SUP-056,MAT-0143,2,96,1000,12615,1124.05,1.65,1,2026-06-11T14:00:00+08:00
SM-0143-03,SUP-039,MAT-0143,3,24,50,2389,1112.01,1.65,1,2026-06-08T03:00:00+08:00
SM-0144-01,SUP-048,MAT-0144,1,120,1000,13968,11.33,1.33,1,2026-06-08T14:00:00+08:00
SM-0144-02,SUP-007,MAT-0144,2,24,1000,11490,13.58,1.2,1,2026-06-13T19:00:00+08:00
SM-0144-03,SUP-056,MAT-0144,3,24,50,3794,10.93,1.1,1,2026-06-11T14:00:00+08:00
SM-0144-04,SUP-018,MAT-0144,4,168,100,6866,10.74,1.13,1,2026-06-07T12:00:00+08:00
SM-0145-01,SUP-016,MAT-0145,1,120,100,11821,116.91,1.54,1,2026-06-07T04:00:00+08:00
SM-0145-02,SUP-010,MAT-0145,2,96,500,13007,88.43,1.06,1,2026-06-07T02:00:00+08:00
SM-0145-03,SUP-033,MAT-0145,3,96,500,8016,108.76,1.59,1,2026-06-06T20:00:00+08:00
SM-0145-04,SUP-030,MAT-0145,4,48,1000,2812,96.32,1.61,1,2026-06-11T07:00:00+08:00
SM-0146-01,SUP-036,MAT-0146,1,120,1000,5480,476.9,1.6,1,2026-06-10T05:00:00+08:00
SM-0146-02,SUP-055,MAT-0146,2,36,500,5863,584.15,1.22,1,2026-06-06T06:00:00+08:00
SM-0146-03,SUP-005,MAT-0146,3,72,1000,11822,572.48,1.11,1,2026-06-07T22:00:00+08:00
SM-0147-01,SUP-046,MAT-0147,1,36,500,4423,610.63,1.2,1,2026-06-10T09:00:00+08:00
SM-0147-02,SUP-035,MAT-0147,2,96,50,11507,590.82,1.44,1,2026-06-15T07:00:00+08:00
SM-0147-03,SUP-034,MAT-0147,3,72,100,14125,655.38,1.24,1,2026-06-08T12:00:00+08:00
SM-0147-04,SUP-060,MAT-0147,4,96,50,1595,678.43,1.57,1,2026-06-06T22:00:00+08:00
SM-0147-05,SUP-004,MAT-0147,5,96,1000,5498,605.73,1.6,1,2026-06-14T13:00:00+08:00
SM-0148-01,SUP-036,MAT-0148,1,24,50,8081,6.65,1.3,1,2026-06-12T13:00:00+08:00
SM-0148-02,SUP-029,MAT-0148,2,36,50,9385,8.39,1.13,1,2026-06-08T04:00:00+08:00
SM-0148-03,SUP-016,MAT-0148,3,48,100,4377,7.26,1.5,1,2026-06-11T23:00:00+08:00
SM-0149-01,SUP-037,MAT-0149,1,72,200,6279,208.46,1.26,0,2026-06-14T11:00:00+08:00
SM-0149-02,SUP-020,MAT-0149,2,36,1000,9555,228.74,1.08,1,2026-06-09T05:00:00+08:00
SM-0149-03,SUP-056,MAT-0149,3,24,100,13653,208.45,1.19,1,2026-06-11T12:00:00+08:00
SM-0149-04,SUP-042,MAT-0149,4,24,500,631,163.15,1.25,1,2026-06-11T19:00:00+08:00
SM-0149-05,SUP-018,MAT-0149,5,72,100,12865,177.43,1.14,1,2026-06-15T04:00:00+08:00
SM-0149-06,SUP-011,MAT-0149,6,120,1000,5873,168.62,1.48,1,2026-06-14T03:00:00+08:00
SM-0150-01,SUP-014,MAT-0150,1,36,1000,1508,16.98,1.2,1,2026-06-07T13:00:00+08:00
SM-0150-02,SUP-045,MAT-0150,2,168,100,13464,13.77,1.57,1,2026-06-13T14:00:00+08:00
SM-0150-03,SUP-046,MAT-0150,3,168,1000,7117,15.79,1.22,1,2026-06-14T15:00:00+08:00
SM-0150-04,SUP-044,MAT-0150,4,96,200,8994,15.36,1.6,1,2026-06-08T05:00:00+08:00
SM-0150-05,SUP-033,MAT-0150,5,36,1000,634,15.25,1.24,1,2026-06-12T12:00:00+08:00
SM-0151-01,SUP-056,MAT-0151,1,48,100,10717,145.92,1.47,1,2026-06-13T21:00:00+08:00
SM-0151-02,SUP-043,MAT-0151,2,72,200,2249,175.41,1.07,1,2026-06-10T11:00:00+08:00
SM-0151-03,SUP-047,MAT-0151,3,24,200,3309,165.09,1.3,1,2026-06-06T04:00:00+08:00
SM-0152-01,SUP-005,MAT-0152,1,72,50,12839,672.8,1.61,1,2026-06-12T08:00:00+08:00
SM-0152-02,SUP-004,MAT-0152,2,96,500,12829,653.45,1.13,1,2026-06-14T07:00:00+08:00
SM-0152-03,SUP-028,MAT-0152,3,96,1000,7372,673.06,1.58,1,2026-06-12T18:00:00+08:00
SM-0152-04,SUP-021,MAT-0152,4,48,500,7131,484.99,1.33,1,2026-06-11T05:00:00+08:00
SM-0152-05,SUP-009,MAT-0152,5,36,1000,1627,677.23,1.28,1,2026-06-07T00:00:00+08:00
SM-0153-01,SUP-059,MAT-0153,1,48,50,13526,403.7,1.13,1,2026-06-08T06:00:00+08:00
SM-0153-02,SUP-005,MAT-0153,2,36,1000,9127,379.63,1.58,1,2026-06-12T00:00:00+08:00
SM-0153-03,SUP-003,MAT-0153,3,36,1000,6517,403.89,1.36,1,2026-06-12T08:00:00+08:00
SM-0153-04,SUP-017,MAT-0153,4,24,100,14028,370.42,1.35,1,2026-06-08T18:00:00+08:00
SM-0154-01,SUP-032,MAT-0154,1,72,1000,7040,105.48,1.61,1,2026-06-06T04:00:00+08:00
SM-0154-02,SUP-053,MAT-0154,2,48,1000,2105,97.39,1.6,1,2026-06-08T19:00:00+08:00
SM-0154-03,SUP-023,MAT-0154,3,120,200,1705,79.32,1.19,1,2026-06-09T20:00:00+08:00
SM-0155-01,SUP-036,MAT-0155,1,168,100,9835,112.16,1.44,1,2026-06-10T03:00:00+08:00
SM-0155-02,SUP-024,MAT-0155,2,96,200,4379,116.84,1.05,0,2026-06-05T09:00:00+08:00
SM-0155-03,SUP-028,MAT-0155,3,24,100,14917,100.14,1.53,1,2026-06-14T12:00:00+08:00
SM-0155-04,SUP-055,MAT-0155,4,72,50,9264,131.1,1.42,1,2026-06-06T04:00:00+08:00
SM-0155-05,SUP-003,MAT-0155,5,120,100,2386,111.51,1.13,1,2026-06-05T12:00:00+08:00
SM-0156-01,SUP-051,MAT-0156,1,24,100,11291,20.58,1.33,0,2026-06-09T22:00:00+08:00
SM-0156-02,SUP-041,MAT-0156,2,48,500,7960,21.63,1.43,0,2026-06-07T17:00:00+08:00
SM-0156-03,SUP-060,MAT-0156,3,168,100,14544,17.57,1.36,1,2026-06-05T23:00:00+08:00
SM-0156-04,SUP-030,MAT-0156,4,72,100,933,19.09,1.62,1,2026-06-14T03:00:00+08:00
SM-0156-05,SUP-005,MAT-0156,5,48,100,2372,20.1,1.48,1,2026-06-09T01:00:00+08:00
SM-0157-01,SUP-042,MAT-0157,1,72,100,8669,217.45,1.23,1,2026-06-07T01:00:00+08:00
SM-0157-02,SUP-019,MAT-0157,2,96,500,4349,237.31,1.42,1,2026-06-11T22:00:00+08:00
SM-0157-03,SUP-001,MAT-0157,3,168,50,9116,240.88,1.14,1,2026-06-15T03:00:00+08:00
SM-0157-04,SUP-012,MAT-0157,4,96,1000,13394,243.72,1.61,1,2026-06-12T08:00:00+08:00
SM-0157-05,SUP-003,MAT-0157,5,96,50,3308,242.54,1.53,1,2026-06-09T20:00:00+08:00
SM-0157-06,SUP-027,MAT-0157,6,96,100,3187,231.61,1.64,0,2026-06-08T01:00:00+08:00
SM-0158-01,SUP-031,MAT-0158,1,168,1000,8886,33.79,1.62,0,2026-06-14T13:00:00+08:00
SM-0158-02,SUP-009,MAT-0158,2,96,200,3048,34.7,1.35,1,2026-06-07T17:00:00+08:00
SM-0158-03,SUP-039,MAT-0158,3,120,1000,4044,39.6,1.46,1,2026-06-08T00:00:00+08:00
SM-0158-04,SUP-018,MAT-0158,4,96,500,13169,47.12,1.26,1,2026-06-15T03:00:00+08:00
SM-0158-05,SUP-037,MAT-0158,5,24,200,3327,37.61,1.62,0,2026-06-07T03:00:00+08:00
SM-0158-06,SUP-048,MAT-0158,6,48,100,7073,40.56,1.05,1,2026-06-13T20:00:00+08:00
SM-0159-01,SUP-053,MAT-0159,1,120,200,3360,16.41,1.48,1,2026-06-10T00:00:00+08:00
SM-0159-02,SUP-009,MAT-0159,2,24,50,6852,14.03,1.42,1,2026-06-15T05:00:00+08:00
SM-0159-03,SUP-013,MAT-0159,3,48,50,14799,18.09,1.52,1,2026-06-08T11:00:00+08:00
SM-0159-04,SUP-023,MAT-0159,4,120,1000,3155,15.09,1.26,1,2026-06-06T18:00:00+08:00
SM-0160-01,SUP-042,MAT-0160,1,96,500,13538,288.59,1.12,1,2026-06-06T01:00:00+08:00
SM-0160-02,SUP-052,MAT-0160,2,72,50,5398,275.52,1.06,1,2026-06-06T18:00:00+08:00
SM-0160-03,SUP-037,MAT-0160,3,72,100,10431,306.67,1.6,0,2026-06-12T04:00:00+08:00
SM-0160-04,SUP-028,MAT-0160,4,24,200,1467,279.01,1.24,1,2026-06-14T05:00:00+08:00
SM-0160-05,SUP-005,MAT-0160,5,36,1000,12384,359.84,1.15,1,2026-06-08T22:00:00+08:00
SM-0161-01,SUP-025,MAT-0161,1,24,50,893,517.59,1.23,0,2026-06-08T20:00:00+08:00
SM-0161-02,SUP-040,MAT-0161,2,48,1000,6297,431.11,1.12,1,2026-06-13T22:00:00+08:00
SM-0161-03,SUP-019,MAT-0161,3,48,50,5256,422.12,1.5,1,2026-06-09T21:00:00+08:00
SM-0162-01,SUP-054,MAT-0162,1,168,200,4136,42.66,1.39,1,2026-06-08T16:00:00+08:00
SM-0162-02,SUP-043,MAT-0162,2,168,1000,8328,50.02,1.23,1,2026-06-09T14:00:00+08:00
SM-0162-03,SUP-015,MAT-0162,3,24,100,5501,52.78,1.27,1,2026-06-08T10:00:00+08:00
SM-0162-04,SUP-011,MAT-0162,4,168,500,14809,50.99,1.17,1,2026-06-12T20:00:00+08:00
SM-0162-05,SUP-037,MAT-0162,5,48,200,3391,51.68,1.19,0,2026-06-07T18:00:00+08:00
SM-0163-01,SUP-008,MAT-0163,1,120,1000,7450,442.55,1.3,0,2026-06-06T02:00:00+08:00
SM-0163-02,SUP-010,MAT-0163,2,24,100,2087,437.15,1.41,1,2026-06-12T18:00:00+08:00
SM-0163-03,SUP-001,MAT-0163,3,168,1000,411,443.07,1.05,1,2026-06-10T07:00:00+08:00
SM-0163-04,SUP-033,MAT-0163,4,72,50,6866,462.82,1.53,1,2026-06-06T09:00:00+08:00
SM-0163-05,SUP-009,MAT-0163,5,168,500,6507,571.74,1.46,1,2026-06-08T22:00:00+08:00
SM-0163-06,SUP-026,MAT-0163,6,168,200,2893,573.12,1.43,1,2026-06-14T19:00:00+08:00
SM-0164-01,SUP-058,MAT-0164,1,120,500,7273,591.82,1.18,1,2026-06-08T12:00:00+08:00
SM-0164-02,SUP-021,MAT-0164,2,168,100,3077,778.8,1.1,1,2026-06-08T13:00:00+08:00
SM-0164-03,SUP-050,MAT-0164,3,36,1000,10779,720.82,1.19,0,2026-06-08T22:00:00+08:00
SM-0165-01,SUP-036,MAT-0165,1,72,200,480,413.39,1.1,1,2026-06-05T13:00:00+08:00
SM-0165-02,SUP-033,MAT-0165,2,168,50,10150,318.57,1.54,1,2026-06-09T21:00:00+08:00
SM-0165-03,SUP-056,MAT-0165,3,24,1000,8347,328.14,1.49,1,2026-06-14T22:00:00+08:00
SM-0165-04,SUP-043,MAT-0165,4,36,50,12522,324.55,1.06,1,2026-06-06T10:00:00+08:00
SM-0165-05,SUP-026,MAT-0165,5,24,500,3620,310.1,1.43,1,2026-06-12T16:00:00+08:00
SM-0166-01,SUP-042,MAT-0166,1,48,500,4788,669.55,1.6,1,2026-06-09T21:00:00+08:00
SM-0166-02,SUP-006,MAT-0166,2,120,50,1073,761.75,1.14,0,2026-06-05T17:00:00+08:00
SM-0166-03,SUP-056,MAT-0166,3,120,200,14773,570.91,1.38,1,2026-06-06T03:00:00+08:00
SM-0167-01,SUP-015,MAT-0167,1,96,1000,9113,87.51,1.57,1,2026-06-09T14:00:00+08:00
SM-0167-02,SUP-019,MAT-0167,2,36,1000,6372,95.32,1.17,1,2026-06-15T00:00:00+08:00
SM-0167-03,SUP-058,MAT-0167,3,168,100,9840,99.96,1.63,1,2026-06-12T03:00:00+08:00
SM-0168-01,SUP-025,MAT-0168,1,48,200,11128,623.87,1.33,0,2026-06-07T07:00:00+08:00
SM-0168-02,SUP-009,MAT-0168,2,168,500,13514,459.75,1.16,1,2026-06-10T01:00:00+08:00
SM-0168-03,SUP-038,MAT-0168,3,48,200,2081,482.97,1.55,1,2026-06-06T18:00:00+08:00
SM-0168-04,SUP-018,MAT-0168,4,120,500,1990,546.68,1.61,1,2026-06-12T17:00:00+08:00
SM-0169-01,SUP-003,MAT-0169,1,168,100,7477,34.88,1.37,1,2026-06-12T11:00:00+08:00
SM-0169-02,SUP-020,MAT-0169,2,168,50,14990,39.06,1.57,1,2026-06-14T12:00:00+08:00
SM-0169-03,SUP-009,MAT-0169,3,96,500,3714,44.83,1.63,1,2026-06-08T21:00:00+08:00
SM-0169-04,SUP-042,MAT-0169,4,48,100,7618,44.38,1.43,1,2026-06-11T19:00:00+08:00
SM-0170-01,SUP-021,MAT-0170,1,96,50,14832,183.41,1.29,1,2026-06-12T03:00:00+08:00
SM-0170-02,SUP-016,MAT-0170,2,168,1000,5426,193.34,1.29,1,2026-06-06T00:00:00+08:00
SM-0170-03,SUP-049,MAT-0170,3,36,500,9674,232.41,1.2,1,2026-06-06T21:00:00+08:00
SM-0170-04,SUP-024,MAT-0170,4,120,100,9025,212.85,1.14,0,2026-06-10T07:00:00+08:00
SM-0171-01,SUP-056,MAT-0171,1,96,50,3839,1180.72,1.15,1,2026-06-14T16:00:00+08:00
SM-0171-02,SUP-006,MAT-0171,2,48,50,11309,1014.91,1.55,0,2026-06-08T14:00:00+08:00
SM-0171-03,SUP-048,MAT-0171,3,72,100,4231,1109.67,1.41,1,2026-06-14T12:00:00+08:00
SM-0172-01,SUP-015,MAT-0172,1,96,100,14400,713.36,1.27,1,2026-06-05T23:00:00+08:00
SM-0172-02,SUP-032,MAT-0172,2,72,50,10903,633.37,1.28,1,2026-06-13T10:00:00+08:00
SM-0172-03,SUP-056,MAT-0172,3,48,500,9561,678.5,1.64,1,2026-06-13T07:00:00+08:00
SM-0172-04,SUP-029,MAT-0172,4,168,50,1516,658.33,1.35,1,2026-06-14T12:00:00+08:00
SM-0172-05,SUP-003,MAT-0172,5,72,100,7973,735.03,1.5,1,2026-06-12T08:00:00+08:00
SM-0173-01,SUP-008,MAT-0173,1,96,500,13080,878.58,1.57,0,2026-06-11T20:00:00+08:00
SM-0173-02,SUP-039,MAT-0173,2,96,50,14788,981.06,1.56,1,2026-06-13T00:00:00+08:00
SM-0173-03,SUP-056,MAT-0173,3,168,500,4249,754.43,1.64,1,2026-06-14T04:00:00+08:00
SM-0174-01,SUP-059,MAT-0174,1,24,500,8071,5.48,1.07,1,2026-06-06T23:00:00+08:00
SM-0174-02,SUP-011,MAT-0174,2,24,1000,9266,5.75,1.35,1,2026-06-07T08:00:00+08:00
SM-0174-03,SUP-042,MAT-0174,3,72,50,3948,4.51,1.47,1,2026-06-11T20:00:00+08:00
SM-0174-04,SUP-007,MAT-0174,4,48,1000,5478,4.62,1.14,1,2026-06-06T03:00:00+08:00
SM-0175-01,SUP-003,MAT-0175,1,96,1000,8549,590.61,1.13,1,2026-06-09T22:00:00+08:00
SM-0175-02,SUP-017,MAT-0175,2,72,100,10864,557.43,1.11,1,2026-06-11T01:00:00+08:00
SM-0175-03,SUP-011,MAT-0175,3,24,500,4852,505.99,1.12,1,2026-06-14T01:00:00+08:00
SM-0176-01,SUP-051,MAT-0176,1,72,1000,6211,1059.74,1.42,0,2026-06-11T15:00:00+08:00
SM-0176-02,SUP-013,MAT-0176,2,120,50,10523,896.73,1.57,1,2026-06-09T14:00:00+08:00
SM-0176-03,SUP-050,MAT-0176,3,36,50,11839,979.85,1.13,0,2026-06-13T06:00:00+08:00
SM-0176-04,SUP-014,MAT-0176,4,48,200,440,1076.66,1.52,1,2026-06-08T15:00:00+08:00
SM-0176-05,SUP-056,MAT-0176,5,120,50,3663,871.11,1.5,1,2026-06-09T22:00:00+08:00
SM-0177-01,SUP-026,MAT-0177,1,168,200,10148,612.36,1.21,1,2026-06-15T04:00:00+08:00
SM-0177-02,SUP-055,MAT-0177,2,36,1000,5704,566.58,1.29,1,2026-06-13T01:00:00+08:00
SM-0177-03,SUP-024,MAT-0177,3,120,200,1313,567.57,1.25,0,2026-06-11T02:00:00+08:00
SM-0178-01,SUP-019,MAT-0178,1,72,50,4784,424.25,1.14,1,2026-06-10T18:00:00+08:00
SM-0178-02,SUP-051,MAT-0178,2,36,200,6602,409.59,1.58,0,2026-06-13T07:00:00+08:00
SM-0178-03,SUP-060,MAT-0178,3,36,200,5141,340.83,1.63,1,2026-06-15T03:00:00+08:00
SM-0179-01,SUP-010,MAT-0179,1,96,1000,11624,568.78,1.27,1,2026-06-09T11:00:00+08:00
SM-0179-02,SUP-020,MAT-0179,2,120,50,2885,587.22,1.5,1,2026-06-08T12:00:00+08:00
SM-0179-03,SUP-039,MAT-0179,3,120,1000,8776,664.42,1.38,1,2026-06-12T01:00:00+08:00
SM-0179-04,SUP-016,MAT-0179,4,36,500,9719,678.57,1.3,1,2026-06-08T01:00:00+08:00
SM-0179-05,SUP-038,MAT-0179,5,96,100,13299,658.7,1.29,1,2026-06-14T19:00:00+08:00
SM-0179-06,SUP-042,MAT-0179,6,24,500,10619,644.51,1.62,1,2026-06-10T07:00:00+08:00
SM-0180-01,SUP-018,MAT-0180,1,36,100,6002,155.07,1.29,1,2026-06-08T12:00:00+08:00
SM-0180-02,SUP-040,MAT-0180,2,72,100,2311,177.05,1.07,1,2026-06-10T09:00:00+08:00
SM-0180-03,SUP-022,MAT-0180,3,96,500,8011,171.3,1.22,1,2026-06-14T03:00:00+08:00
SM-0180-04,SUP-023,MAT-0180,4,120,1000,6731,192.8,1.28,1,2026-06-08T08:00:00+08:00
SM-0180-05,SUP-005,MAT-0180,5,168,200,12976,187.19,1.65,1,2026-06-08T13:00:00+08:00
SM-0180-06,SUP-007,MAT-0180,6,120,50,4886,164.91,1.23,1,2026-06-10T11:00:00+08:00
SM-0181-01,SUP-035,MAT-0181,1,36,500,806,193.53,1.42,1,2026-06-08T07:00:00+08:00
SM-0181-02,SUP-015,MAT-0181,2,168,200,13649,222.87,1.52,1,2026-06-09T14:00:00+08:00
SM-0181-03,SUP-049,MAT-0181,3,36,1000,10327,242.47,1.21,1,2026-06-08T16:00:00+08:00
SM-0181-04,SUP-018,MAT-0181,4,120,100,14704,209.13,1.49,1,2026-06-08T12:00:00+08:00
SM-0181-05,SUP-006,MAT-0181,5,120,100,8018,208.36,1.13,0,2026-06-12T23:00:00+08:00
SM-0182-01,SUP-041,MAT-0182,1,24,100,12390,330.54,1.25,0,2026-06-08T09:00:00+08:00
SM-0182-02,SUP-043,MAT-0182,2,24,500,9850,370.24,1.31,1,2026-06-14T08:00:00+08:00
SM-0182-03,SUP-026,MAT-0182,3,120,1000,1400,377.29,1.63,1,2026-06-07T15:00:00+08:00
SM-0182-04,SUP-014,MAT-0182,4,24,1000,4584,330.69,1.51,1,2026-06-05T10:00:00+08:00
SM-0182-05,SUP-042,MAT-0182,5,48,500,9521,438.22,1.45,1,2026-06-14T04:00:00+08:00
SM-0183-01,SUP-018,MAT-0183,1,96,1000,7050,96.99,1.35,1,2026-06-14T01:00:00+08:00
SM-0183-02,SUP-034,MAT-0183,2,48,1000,7335,101.67,1.51,1,2026-06-09T11:00:00+08:00
SM-0183-03,SUP-051,MAT-0183,3,168,100,3063,100.21,1.32,0,2026-06-13T21:00:00+08:00
SM-0183-04,SUP-025,MAT-0183,4,96,500,5136,93.68,1.43,0,2026-06-13T13:00:00+08:00
SM-0183-05,SUP-011,MAT-0183,5,24,1000,2111,88.99,1.07,1,2026-06-12T07:00:00+08:00
SM-0184-01,SUP-056,MAT-0184,1,36,500,10984,313.06,1.62,1,2026-06-11T16:00:00+08:00
SM-0184-02,SUP-055,MAT-0184,2,120,1000,3961,332.65,1.62,1,2026-06-12T21:00:00+08:00
SM-0184-03,SUP-033,MAT-0184,3,48,200,4424,248.54,1.37,1,2026-06-12T08:00:00+08:00
SM-0184-04,SUP-038,MAT-0184,4,120,500,6095,281.69,1.55,1,2026-06-12T11:00:00+08:00
SM-0184-05,SUP-040,MAT-0184,5,36,500,11263,270.59,1.23,1,2026-06-14T23:00:00+08:00
SM-0185-01,SUP-023,MAT-0185,1,24,50,13637,483.09,1.64,1,2026-06-13T12:00:00+08:00
SM-0185-02,SUP-050,MAT-0185,2,168,50,10847,564.22,1.37,0,2026-06-06T01:00:00+08:00
SM-0185-03,SUP-009,MAT-0185,3,168,200,11862,631.88,1.44,1,2026-06-14T11:00:00+08:00
SM-0186-01,SUP-041,MAT-0186,1,36,200,12081,389.51,1.42,0,2026-06-15T05:00:00+08:00
SM-0186-02,SUP-040,MAT-0186,2,72,1000,10589,407.93,1.39,1,2026-06-06T02:00:00+08:00
SM-0186-03,SUP-030,MAT-0186,3,120,100,6992,429.11,1.4,1,2026-06-06T08:00:00+08:00
SM-0187-01,SUP-049,MAT-0187,1,72,200,429,32.84,1.52,1,2026-06-05T22:00:00+08:00
SM-0187-02,SUP-054,MAT-0187,2,72,1000,319,34.22,1.6,1,2026-06-05T22:00:00+08:00
SM-0187-03,SUP-007,MAT-0187,3,72,500,9063,29.55,1.26,1,2026-06-06T19:00:00+08:00
SM-0188-01,SUP-057,MAT-0188,1,48,100,6512,79.47,1.55,1,2026-06-07T04:00:00+08:00
SM-0188-02,SUP-001,MAT-0188,2,72,1000,4095,80.05,1.19,1,2026-06-06T07:00:00+08:00
SM-0188-03,SUP-055,MAT-0188,3,24,100,329,91.56,1.21,1,2026-06-07T21:00:00+08:00
SM-0188-04,SUP-013,MAT-0188,4,96,100,7387,87.44,1.51,1,2026-06-14T14:00:00+08:00
SM-0188-05,SUP-019,MAT-0188,5,24,100,12113,94.36,1.39,1,2026-06-07T09:00:00+08:00
SM-0189-01,SUP-016,MAT-0189,1,96,500,3158,787.25,1.21,1,2026-06-12T11:00:00+08:00
SM-0189-02,SUP-047,MAT-0189,2,48,100,12771,1017.77,1.34,1,2026-06-06T21:00:00+08:00
SM-0189-03,SUP-004,MAT-0189,3,96,50,14006,935.52,1.48,1,2026-06-09T01:00:00+08:00
SM-0189-04,SUP-015,MAT-0189,4,168,200,11750,851.28,1.1,1,2026-06-05T23:00:00+08:00
SM-0190-01,SUP-038,MAT-0190,1,36,50,4745,188.59,1.49,1,2026-06-12T01:00:00+08:00
SM-0190-02,SUP-044,MAT-0190,2,120,50,10887,168.92,1.38,1,2026-06-08T16:00:00+08:00
SM-0190-03,SUP-021,MAT-0190,3,72,500,13657,148.59,1.64,1,2026-06-07T00:00:00+08:00
SM-0190-04,SUP-055,MAT-0190,4,72,100,14123,180.94,1.58,1,2026-06-05T18:00:00+08:00
SM-0191-01,SUP-040,MAT-0191,1,120,100,10451,317.14,1.16,1,2026-06-12T04:00:00+08:00
SM-0191-02,SUP-052,MAT-0191,2,96,100,13643,398.83,1.58,1,2026-06-07T12:00:00+08:00
SM-0191-03,SUP-013,MAT-0191,3,96,100,4516,378.06,1.4,1,2026-06-10T14:00:00+08:00
SM-0191-04,SUP-006,MAT-0191,4,96,100,6771,400.74,1.35,0,2026-06-10T21:00:00+08:00
SM-0191-05,SUP-057,MAT-0191,5,168,200,4869,336.92,1.62,1,2026-06-09T18:00:00+08:00
SM-0191-06,SUP-033,MAT-0191,6,36,500,8162,392.15,1.12,1,2026-06-07T09:00:00+08:00
SM-0192-01,SUP-055,MAT-0192,1,48,500,7352,102.38,1.23,1,2026-06-09T00:00:00+08:00
SM-0192-02,SUP-048,MAT-0192,2,120,50,9086,95.42,1.14,1,2026-06-14T17:00:00+08:00
SM-0192-03,SUP-021,MAT-0192,3,120,50,14050,80.14,1.07,1,2026-06-08T06:00:00+08:00
SM-0193-01,SUP-012,MAT-0193,1,168,1000,9997,175.11,1.11,1,2026-06-08T10:00:00+08:00
SM-0193-02,SUP-005,MAT-0193,2,36,50,12564,148.21,1.14,1,2026-06-12T13:00:00+08:00
SM-0193-03,SUP-038,MAT-0193,3,120,200,8639,189.59,1.51,1,2026-06-09T13:00:00+08:00
SM-0193-04,SUP-021,MAT-0193,4,96,50,10310,163.66,1.56,1,2026-06-13T00:00:00+08:00
SM-0194-01,SUP-051,MAT-0194,1,96,500,10476,13.24,1.55,0,2026-06-07T20:00:00+08:00
SM-0194-02,SUP-057,MAT-0194,2,36,500,2886,15.76,1.07,1,2026-06-14T18:00:00+08:00
SM-0194-03,SUP-014,MAT-0194,3,36,200,9302,17.07,1.33,1,2026-06-10T18:00:00+08:00
SM-0194-04,SUP-050,MAT-0194,4,36,500,2917,13.83,1.41,0,2026-06-07T14:00:00+08:00
SM-0194-05,SUP-018,MAT-0194,5,168,1000,12767,15.87,1.52,1,2026-06-07T08:00:00+08:00
SM-0195-01,SUP-028,MAT-0195,1,36,200,8134,1.41,1.32,1,2026-06-13T19:00:00+08:00
SM-0195-02,SUP-026,MAT-0195,2,48,200,3443,1.61,1.37,1,2026-06-08T16:00:00+08:00
SM-0195-03,SUP-010,MAT-0195,3,168,1000,4989,1.35,1.15,1,2026-06-12T22:00:00+08:00
SM-0195-04,SUP-016,MAT-0195,4,72,100,7976,1.73,1.59,1,2026-06-07T19:00:00+08:00
SM-0195-05,SUP-033,MAT-0195,5,48,200,8792,1.7,1.38,1,2026-06-09T07:00:00+08:00
SM-0196-01,SUP-052,MAT-0196,1,72,500,6086,72.69,1.32,1,2026-06-13T06:00:00+08:00
SM-0196-02,SUP-046,MAT-0196,2,36,200,4105,67.79,1.12,1,2026-06-07T10:00:00+08:00
SM-0196-03,SUP-019,MAT-0196,3,168,100,7075,87.59,1.07,1,2026-06-11T10:00:00+08:00
SM-0196-04,SUP-025,MAT-0196,4,96,500,7944,72.02,1.23,0,2026-06-12T06:00:00+08:00
SM-0196-05,SUP-042,MAT-0196,5,72,100,10440,79.23,1.59,1,2026-06-08T20:00:00+08:00
SM-0196-06,SUP-047,MAT-0196,6,72,50,3970,66.04,1.4,1,2026-06-10T19:00:00+08:00
SM-0197-01,SUP-034,MAT-0197,1,24,1000,3679,328.78,1.39,1,2026-06-07T21:00:00+08:00
SM-0197-02,SUP-049,MAT-0197,2,120,200,8000,384.01,1.61,1,2026-06-07T02:00:00+08:00
SM-0197-03,SUP-028,MAT-0197,3,48,50,9209,433.49,1.56,1,2026-06-10T11:00:00+08:00
SM-0198-01,SUP-051,MAT-0198,1,72,100,4419,21.64,1.64,0,2026-06-06T08:00:00+08:00
SM-0198-02,SUP-019,MAT-0198,2,24,50,3678,23.07,1.47,1,2026-06-15T01:00:00+08:00
SM-0198-03,SUP-005,MAT-0198,3,72,1000,14144,16.86,1.57,1,2026-06-06T09:00:00+08:00
SM-0198-04,SUP-035,MAT-0198,4,48,50,13440,16.25,1.17,1,2026-06-08T17:00:00+08:00
SM-0199-01,SUP-050,MAT-0199,1,96,100,5190,677.99,1.52,0,2026-06-15T05:00:00+08:00
SM-0199-02,SUP-052,MAT-0199,2,36,50,12813,678.85,1.48,1,2026-06-08T11:00:00+08:00
SM-0199-03,SUP-003,MAT-0199,3,168,100,12138,640.62,1.42,1,2026-06-06T11:00:00+08:00
SM-0199-04,SUP-020,MAT-0199,4,24,100,4089,484.03,1.64,1,2026-06-07T20:00:00+08:00
SM-0199-05,SUP-060,MAT-0199,5,24,500,4988,496.27,1.1,1,2026-06-13T15:00:00+08:00
SM-0199-06,SUP-018,MAT-0199,6,96,200,13204,648.93,1.5,1,2026-06-09T07:00:00+08:00
SM-0200-01,SUP-051,MAT-0200,1,48,50,7770,374.88,1.57,0,2026-06-13T03:00:00+08:00
SM-0200-02,SUP-014,MAT-0200,2,120,1000,563,375.83,1.15,1,2026-06-11T05:00:00+08:00
SM-0200-03,SUP-032,MAT-0200,3,24,1000,9155,434.03,1.29,1,2026-06-15T03:00:00+08:00
SM-0200-04,SUP-021,MAT-0200,4,120,1000,8437,459.04,1.28,1,2026-06-14T23:00:00+08:00
SM-0201-01,SUP-024,MAT-0201,1,48,200,13539,498.03,1.06,0,2026-06-06T07:00:00+08:00
SM-0201-02,SUP-020,MAT-0201,2,72,1000,8243,497.42,1.14,1,2026-06-10T12:00:00+08:00
SM-0201-03,SUP-017,MAT-0201,3,168,100,11371,492.18,1.56,1,2026-06-14T09:00:00+08:00
SM-0201-04,SUP-016,MAT-0201,4,120,1000,5678,499.33,1.23,1,2026-06-13T18:00:00+08:00
SM-0202-01,SUP-050,MAT-0202,1,48,50,6192,552.85,1.08,0,2026-06-07T19:00:00+08:00
SM-0202-02,SUP-011,MAT-0202,2,120,100,522,449.78,1.59,1,2026-06-05T17:00:00+08:00
SM-0202-03,SUP-018,MAT-0202,3,72,200,784,527.57,1.5,1,2026-06-14T10:00:00+08:00
SM-0202-04,SUP-015,MAT-0202,4,168,200,6463,546.88,1.2,1,2026-06-11T00:00:00+08:00
SM-0202-05,SUP-057,MAT-0202,5,48,500,1531,403.47,1.64,1,2026-06-15T02:00:00+08:00
SM-0202-06,SUP-028,MAT-0202,6,24,50,2691,460.67,1.46,1,2026-06-07T23:00:00+08:00
SM-0203-01,SUP-023,MAT-0203,1,168,500,14195,488.61,1.47,1,2026-06-08T06:00:00+08:00
SM-0203-02,SUP-027,MAT-0203,2,96,200,3874,658.92,1.36,0,2026-06-14T01:00:00+08:00
SM-0203-03,SUP-042,MAT-0203,3,168,100,7483,540.71,1.27,1,2026-06-11T01:00:00+08:00
SM-0203-04,SUP-045,MAT-0203,4,48,1000,11027,475.21,1.54,1,2026-06-13T06:00:00+08:00
SM-0204-01,SUP-002,MAT-0204,1,96,100,5721,206.52,1.07,1,2026-06-05T14:00:00+08:00
SM-0204-02,SUP-020,MAT-0204,2,168,1000,12150,226.74,1.49,1,2026-06-11T23:00:00+08:00
SM-0204-03,SUP-001,MAT-0204,3,168,100,10041,183.9,1.53,1,2026-06-11T16:00:00+08:00
SM-0205-01,SUP-041,MAT-0205,1,96,500,5936,387.97,1.21,0,2026-06-14T21:00:00+08:00
SM-0205-02,SUP-018,MAT-0205,2,24,500,1540,355.1,1.1,1,2026-06-14T14:00:00+08:00
SM-0205-03,SUP-008,MAT-0205,3,72,1000,12183,286.81,1.32,0,2026-06-15T06:00:00+08:00
SM-0205-04,SUP-056,MAT-0205,4,24,1000,4412,393.28,1.59,1,2026-06-13T03:00:00+08:00
SM-0205-05,SUP-031,MAT-0205,5,120,1000,4200,321.72,1.1,0,2026-06-07T13:00:00+08:00
SM-0205-06,SUP-044,MAT-0205,6,48,100,1379,283.77,1.05,1,2026-06-07T03:00:00+08:00
SM-0206-01,SUP-060,MAT-0206,1,168,200,1079,90.52,1.28,1,2026-06-13T19:00:00+08:00
SM-0206-02,SUP-042,MAT-0206,2,72,100,11875,81.84,1.38,1,2026-06-10T07:00:00+08:00
SM-0206-03,SUP-011,MAT-0206,3,120,50,3966,83.37,1.42,1,2026-06-13T01:00:00+08:00
SM-0206-04,SUP-034,MAT-0206,4,120,1000,7785,77.93,1.11,1,2026-06-12T22:00:00+08:00
SM-0206-05,SUP-026,MAT-0206,5,96,200,8102,81.22,1.47,1,2026-06-12T18:00:00+08:00
SM-0207-01,SUP-024,MAT-0207,1,96,1000,7931,245.12,1.45,0,2026-06-05T19:00:00+08:00
SM-0207-02,SUP-016,MAT-0207,2,168,200,4094,295.67,1.44,1,2026-06-06T19:00:00+08:00
SM-0207-03,SUP-045,MAT-0207,3,96,100,14541,285.17,1.51,1,2026-06-15T00:00:00+08:00
SM-0207-04,SUP-052,MAT-0207,4,120,100,4200,270.68,1.48,1,2026-06-08T07:00:00+08:00
SM-0208-01,SUP-012,MAT-0208,1,168,200,5200,120.26,1.48,1,2026-06-12T04:00:00+08:00
SM-0208-02,SUP-004,MAT-0208,2,48,200,8961,150.58,1.19,1,2026-06-12T20:00:00+08:00
SM-0208-03,SUP-024,MAT-0208,3,120,500,10137,138.58,1.35,0,2026-06-09T19:00:00+08:00
SM-0209-01,SUP-022,MAT-0209,1,120,500,3850,1312.18,1.16,1,2026-06-10T07:00:00+08:00
SM-0209-02,SUP-012,MAT-0209,2,24,100,3470,1194.5,1.58,1,2026-06-14T18:00:00+08:00
SM-0209-03,SUP-060,MAT-0209,3,96,50,7265,1047.2,1.55,1,2026-06-14T15:00:00+08:00
SM-0209-04,SUP-024,MAT-0209,4,48,500,11211,1138.47,1.47,0,2026-06-13T18:00:00+08:00
SM-0210-01,SUP-045,MAT-0210,1,96,500,13974,58.71,1.52,1,2026-06-13T06:00:00+08:00
SM-0210-02,SUP-037,MAT-0210,2,120,500,7509,71.22,1.13,0,2026-06-12T03:00:00+08:00
SM-0210-03,SUP-046,MAT-0210,3,72,500,5002,77.33,1.11,1,2026-06-12T04:00:00+08:00
SM-0210-04,SUP-056,MAT-0210,4,168,500,10298,57.45,1.19,1,2026-06-14T05:00:00+08:00
SM-0211-01,SUP-039,MAT-0211,1,120,500,14011,1085.25,1.42,1,2026-06-11T19:00:00+08:00
SM-0211-02,SUP-014,MAT-0211,2,168,1000,9503,984.59,1.34,1,2026-06-10T20:00:00+08:00
SM-0211-03,SUP-030,MAT-0211,3,24,500,12437,799.95,1.19,1,2026-06-06T01:00:00+08:00
SM-0211-04,SUP-023,MAT-0211,4,48,1000,7997,927.99,1.09,1,2026-06-08T23:00:00+08:00
SM-0211-05,SUP-043,MAT-0211,5,96,200,11329,951.31,1.58,1,2026-06-08T13:00:00+08:00
SM-0211-06,SUP-037,MAT-0211,6,96,200,1997,819.19,1.56,0,2026-06-05T13:00:00+08:00
SM-0212-01,SUP-002,MAT-0212,1,96,50,4950,305.35,1.07,1,2026-06-09T19:00:00+08:00
SM-0212-02,SUP-023,MAT-0212,2,72,100,2879,352.02,1.62,1,2026-06-08T12:00:00+08:00
SM-0212-03,SUP-013,MAT-0212,3,36,50,5160,396.24,1.14,1,2026-06-08T03:00:00+08:00
SM-0212-04,SUP-024,MAT-0212,4,96,1000,10702,323.69,1.36,0,2026-06-15T08:00:00+08:00
SM-0213-01,SUP-003,MAT-0213,1,24,50,6475,380.48,1.17,1,2026-06-07T11:00:00+08:00
SM-0213-02,SUP-051,MAT-0213,2,168,500,11453,345.89,1.26,0,2026-06-11T01:00:00+08:00
SM-0213-03,SUP-023,MAT-0213,3,36,1000,11875,316.11,1.46,1,2026-06-12T00:00:00+08:00
SM-0213-04,SUP-021,MAT-0213,4,168,1000,8821,305.48,1.17,1,2026-06-11T01:00:00+08:00
SM-0213-05,SUP-035,MAT-0213,5,36,100,9585,292.46,1.11,1,2026-06-08T05:00:00+08:00
SM-0214-01,SUP-060,MAT-0214,1,96,50,4609,140.78,1.12,1,2026-06-07T21:00:00+08:00
SM-0214-02,SUP-059,MAT-0214,2,48,500,2935,196.9,1.06,1,2026-06-09T19:00:00+08:00
SM-0214-03,SUP-022,MAT-0214,3,24,500,4772,168.84,1.27,1,2026-06-13T08:00:00+08:00
SM-0214-04,SUP-032,MAT-0214,4,48,200,2193,169.29,1.18,1,2026-06-13T07:00:00+08:00
SM-0215-01,SUP-054,MAT-0215,1,48,200,7168,93.5,1.5,1,2026-06-14T20:00:00+08:00
SM-0215-02,SUP-015,MAT-0215,2,120,200,10242,74.16,1.23,1,2026-06-10T07:00:00+08:00
SM-0215-03,SUP-050,MAT-0215,3,36,200,13868,69.17,1.42,0,2026-06-13T14:00:00+08:00
SM-0215-04,SUP-041,MAT-0215,4,96,500,8421,70.16,1.31,0,2026-06-05T22:00:00+08:00
SM-0215-05,SUP-006,MAT-0215,5,72,100,6211,87.13,1.6,0,2026-06-14T03:00:00+08:00
SM-0216-01,SUP-008,MAT-0216,1,24,200,3782,116.02,1.12,0,2026-06-12T18:00:00+08:00
SM-0216-02,SUP-046,MAT-0216,2,24,1000,2251,138.68,1.12,1,2026-06-07T21:00:00+08:00
SM-0216-03,SUP-050,MAT-0216,3,36,1000,10998,125.7,1.49,0,2026-06-12T23:00:00+08:00
SM-0216-04,SUP-048,MAT-0216,4,24,50,14025,145.92,1.23,1,2026-06-14T02:00:00+08:00
SM-0217-01,SUP-011,MAT-0217,1,168,200,6318,305.46,1.21,1,2026-06-13T07:00:00+08:00
SM-0217-02,SUP-035,MAT-0217,2,24,1000,14898,286.27,1.31,1,2026-06-08T05:00:00+08:00
SM-0217-03,SUP-001,MAT-0217,3,36,1000,9726,360.36,1.22,1,2026-06-06T09:00:00+08:00
SM-0218-01,SUP-044,MAT-0218,1,48,200,9601,187.89,1.46,1,2026-06-08T15:00:00+08:00
SM-0218-02,SUP-035,MAT-0218,2,72,500,2104,173.7,1.14,1,2026-06-09T18:00:00+08:00
SM-0218-03,SUP-042,MAT-0218,3,168,1000,11620,154.05,1.29,1,2026-06-06T01:00:00+08:00
SM-0218-04,SUP-009,MAT-0218,4,24,200,6062,170.57,1.14,1,2026-06-11T12:00:00+08:00
SM-0218-05,SUP-041,MAT-0218,5,168,100,6602,143.16,1.46,0,2026-06-13T22:00:00+08:00
SM-0219-01,SUP-026,MAT-0219,1,36,200,7395,23.45,1.19,1,2026-06-10T03:00:00+08:00
SM-0219-02,SUP-037,MAT-0219,2,120,200,7295,27.91,1.36,0,2026-06-07T02:00:00+08:00
SM-0219-03,SUP-054,MAT-0219,3,120,100,2460,30.7,1.25,1,2026-06-06T21:00:00+08:00
SM-0219-04,SUP-039,MAT-0219,4,36,200,1700,22.83,1.44,1,2026-06-10T04:00:00+08:00
SM-0220-01,SUP-004,MAT-0220,1,24,200,6334,330.68,1.3,1,2026-06-06T11:00:00+08:00
SM-0220-02,SUP-010,MAT-0220,2,48,500,5330,341.8,1.18,1,2026-06-14T09:00:00+08:00
SM-0220-03,SUP-037,MAT-0220,3,96,1000,772,255.83,1.18,0,2026-06-10T13:00:00+08:00
SM-0220-04,SUP-017,MAT-0220,4,96,1000,13426,305.52,1.36,1,2026-06-11T13:00:00+08:00
SM-0221-01,SUP-017,MAT-0221,1,96,100,14238,273.17,1.34,1,2026-06-10T19:00:00+08:00
SM-0221-02,SUP-022,MAT-0221,2,72,50,9476,288.92,1.39,1,2026-06-13T16:00:00+08:00
SM-0221-03,SUP-039,MAT-0221,3,48,200,2395,275.47,1.2,1,2026-06-09T04:00:00+08:00
SM-0221-04,SUP-060,MAT-0221,4,48,200,2434,243.43,1.53,1,2026-06-10T07:00:00+08:00
SM-0221-05,SUP-033,MAT-0221,5,48,200,8293,298.15,1.52,1,2026-06-11T05:00:00+08:00
SM-0222-01,SUP-047,MAT-0222,1,120,100,2250,605.61,1.31,1,2026-06-07T13:00:00+08:00
SM-0222-02,SUP-049,MAT-0222,2,72,1000,14383,646.09,1.43,1,2026-06-06T11:00:00+08:00
SM-0222-03,SUP-042,MAT-0222,3,24,50,4889,554.16,1.05,1,2026-06-10T07:00:00+08:00
SM-0222-04,SUP-021,MAT-0222,4,48,50,10969,549.03,1.37,1,2026-06-12T23:00:00+08:00
SM-0223-01,SUP-014,MAT-0223,1,120,200,4726,653.51,1.63,1,2026-06-06T05:00:00+08:00
SM-0223-02,SUP-023,MAT-0223,2,168,1000,12066,650.81,1.25,1,2026-06-14T11:00:00+08:00
SM-0223-03,SUP-013,MAT-0223,3,168,100,10795,534.19,1.07,1,2026-06-08T09:00:00+08:00
SM-0224-01,SUP-004,MAT-0224,1,36,200,904,358.85,1.57,1,2026-06-05T13:00:00+08:00
SM-0224-02,SUP-033,MAT-0224,2,48,1000,9010,326.71,1.08,1,2026-06-13T15:00:00+08:00
SM-0224-03,SUP-051,MAT-0224,3,48,1000,9495,357.9,1.57,0,2026-06-06T19:00:00+08:00
SM-0224-04,SUP-042,MAT-0224,4,96,200,6891,317.52,1.38,1,2026-06-05T17:00:00+08:00
SM-0224-05,SUP-038,MAT-0224,5,24,500,2601,353.19,1.44,1,2026-06-12T04:00:00+08:00
SM-0225-01,SUP-016,MAT-0225,1,24,200,5001,620.69,1.52,1,2026-06-10T21:00:00+08:00
SM-0225-02,SUP-048,MAT-0225,2,24,500,10808,665.15,1.62,1,2026-06-08T12:00:00+08:00
SM-0225-03,SUP-003,MAT-0225,3,168,50,14553,697.85,1.14,1,2026-06-14T19:00:00+08:00
SM-0225-04,SUP-022,MAT-0225,4,120,50,1341,695.6,1.58,1,2026-06-12T11:00:00+08:00
SM-0225-05,SUP-058,MAT-0225,5,168,200,595,651.69,1.44,1,2026-06-08T18:00:00+08:00
SM-0226-01,SUP-039,MAT-0226,1,120,50,12681,283.68,1.27,1,2026-06-13T00:00:00+08:00
SM-0226-02,SUP-017,MAT-0226,2,72,500,8768,302.52,1.14,1,2026-06-07T10:00:00+08:00
SM-0226-03,SUP-015,MAT-0226,3,168,1000,685,319.81,1.45,1,2026-06-11T07:00:00+08:00
SM-0226-04,SUP-042,MAT-0226,4,24,1000,11789,338.83,1.55,1,2026-06-06T06:00:00+08:00
SM-0226-05,SUP-002,MAT-0226,5,96,1000,9385,279.52,1.34,1,2026-06-10T14:00:00+08:00
SM-0227-01,SUP-030,MAT-0227,1,24,200,13997,777.65,1.2,1,2026-06-10T05:00:00+08:00
SM-0227-02,SUP-009,MAT-0227,2,168,100,11341,872.66,1.36,1,2026-06-09T05:00:00+08:00
SM-0227-03,SUP-007,MAT-0227,3,96,500,1809,752.63,1.31,1,2026-06-13T14:00:00+08:00
SM-0227-04,SUP-013,MAT-0227,4,72,100,1664,970.77,1.1,1,2026-06-12T23:00:00+08:00
SM-0228-01,SUP-024,MAT-0228,1,120,50,13387,9.16,1.5,0,2026-06-15T03:00:00+08:00
SM-0228-02,SUP-037,MAT-0228,2,48,200,11628,9.87,1.35,0,2026-06-13T11:00:00+08:00
SM-0228-03,SUP-034,MAT-0228,3,24,500,10311,7.52,1.6,1,2026-06-11T04:00:00+08:00
SM-0228-04,SUP-008,MAT-0228,4,48,100,674,7.49,1.64,0,2026-06-07T10:00:00+08:00
SM-0228-05,SUP-048,MAT-0228,5,36,100,6213,9.19,1.09,1,2026-06-14T06:00:00+08:00
SM-0228-06,SUP-012,MAT-0228,6,96,1000,8452,10.22,1.5,1,2026-06-11T19:00:00+08:00
SM-0229-01,SUP-018,MAT-0229,1,48,1000,1886,424.53,1.26,1,2026-06-11T11:00:00+08:00
SM-0229-02,SUP-001,MAT-0229,2,168,100,13794,340.75,1.16,1,2026-06-10T12:00:00+08:00
SM-0229-03,SUP-024,MAT-0229,3,48,50,9469,431.31,1.25,0,2026-06-05T20:00:00+08:00
SM-0230-01,SUP-049,MAT-0230,1,96,50,1582,873.05,1.53,1,2026-06-06T04:00:00+08:00
SM-0230-02,SUP-047,MAT-0230,2,36,50,3260,941.66,1.57,1,2026-06-06T06:00:00+08:00
SM-0230-03,SUP-008,MAT-0230,3,72,200,5944,840.98,1.3,0,2026-06-08T14:00:00+08:00
SM-0230-04,SUP-039,MAT-0230,4,96,500,8488,936.38,1.11,1,2026-06-14T10:00:00+08:00
SM-0230-05,SUP-037,MAT-0230,5,120,100,8103,1142.6,1.65,0,2026-06-06T05:00:00+08:00
SM-0231-01,SUP-039,MAT-0231,1,24,500,698,361.96,1.62,1,2026-06-10T16:00:00+08:00
SM-0231-02,SUP-013,MAT-0231,2,72,100,3180,351.2,1.55,1,2026-06-13T20:00:00+08:00
SM-0231-03,SUP-005,MAT-0231,3,36,1000,5722,290.32,1.31,1,2026-06-06T08:00:00+08:00
SM-0231-04,SUP-023,MAT-0231,4,24,500,10596,380.6,1.38,1,2026-06-09T17:00:00+08:00
SM-0232-01,SUP-044,MAT-0232,1,72,50,3460,872.41,1.18,1,2026-06-13T16:00:00+08:00
SM-0232-02,SUP-023,MAT-0232,2,96,500,3995,906.56,1.56,1,2026-06-05T21:00:00+08:00
SM-0232-03,SUP-028,MAT-0232,3,96,1000,11515,926.12,1.42,1,2026-06-14T15:00:00+08:00
SM-0232-04,SUP-029,MAT-0232,4,48,100,7928,966.05,1.11,1,2026-06-15T05:00:00+08:00
SM-0232-05,SUP-001,MAT-0232,5,96,500,1567,975.82,1.24,1,2026-06-08T13:00:00+08:00
SM-0232-06,SUP-050,MAT-0232,6,120,500,7080,1010.43,1.46,0,2026-06-08T18:00:00+08:00
SM-0233-01,SUP-008,MAT-0233,1,24,500,2315,26.59,1.19,0,2026-06-13T11:00:00+08:00
SM-0233-02,SUP-016,MAT-0233,2,120,200,9845,31.96,1.18,1,2026-06-07T07:00:00+08:00
SM-0233-03,SUP-019,MAT-0233,3,72,200,14689,27.58,1.42,1,2026-06-13T15:00:00+08:00
SM-0233-04,SUP-001,MAT-0233,4,36,200,12793,32.69,1.6,1,2026-06-12T06:00:00+08:00
SM-0234-01,SUP-042,MAT-0234,1,168,50,3385,160.07,1.17,1,2026-06-07T19:00:00+08:00
SM-0234-02,SUP-019,MAT-0234,2,120,1000,10699,138.98,1.14,1,2026-06-12T02:00:00+08:00
SM-0234-03,SUP-037,MAT-0234,3,168,100,12985,137.65,1.5,0,2026-06-06T18:00:00+08:00
SM-0235-01,SUP-035,MAT-0235,1,72,50,11831,138.5,1.48,1,2026-06-14T01:00:00+08:00
SM-0235-02,SUP-012,MAT-0235,2,48,200,9041,166.29,1.21,1,2026-06-11T10:00:00+08:00
SM-0235-03,SUP-016,MAT-0235,3,120,200,2585,150.75,1.48,1,2026-06-06T02:00:00+08:00
SM-0235-04,SUP-036,MAT-0235,4,36,200,409,190.41,1.17,1,2026-06-08T08:00:00+08:00
SM-0235-05,SUP-059,MAT-0235,5,36,100,12462,142.89,1.24,1,2026-06-14T21:00:00+08:00
SM-0236-01,SUP-041,MAT-0236,1,48,50,14912,618.58,1.24,0,2026-06-07T10:00:00+08:00
SM-0236-02,SUP-009,MAT-0236,2,168,200,3673,521.0,1.57,1,2026-06-06T05:00:00+08:00
SM-0236-03,SUP-047,MAT-0236,3,120,1000,5683,578.39,1.11,1,2026-06-12T08:00:00+08:00
SM-0236-04,SUP-028,MAT-0236,4,120,1000,11892,611.12,1.36,1,2026-06-05T13:00:00+08:00
SM-0236-05,SUP-029,MAT-0236,5,168,1000,10176,593.73,1.42,1,2026-06-12T19:00:00+08:00
SM-0237-01,SUP-028,MAT-0237,1,72,100,2205,48.74,1.64,1,2026-06-14T10:00:00+08:00
SM-0237-02,SUP-030,MAT-0237,2,120,1000,4611,55.32,1.18,1,2026-06-15T01:00:00+08:00
SM-0237-03,SUP-024,MAT-0237,3,24,1000,2007,41.45,1.38,0,2026-06-15T02:00:00+08:00
SM-0238-01,SUP-032,MAT-0238,1,168,1000,6913,144.4,1.46,1,2026-06-13T07:00:00+08:00
SM-0238-02,SUP-002,MAT-0238,2,120,500,12474,126.4,1.13,1,2026-06-11T11:00:00+08:00
SM-0238-03,SUP-060,MAT-0238,3,120,50,1122,128.91,1.09,1,2026-06-06T09:00:00+08:00
SM-0238-04,SUP-053,MAT-0238,4,96,200,9493,122.6,1.24,1,2026-06-07T08:00:00+08:00
SM-0238-05,SUP-054,MAT-0238,5,48,100,12917,126.45,1.43,1,2026-06-06T13:00:00+08:00
SM-0239-01,SUP-021,MAT-0239,1,168,1000,8110,561.73,1.3,1,2026-06-08T11:00:00+08:00
SM-0239-02,SUP-010,MAT-0239,2,120,200,13384,485.34,1.06,1,2026-06-14T21:00:00+08:00
SM-0239-03,SUP-008,MAT-0239,3,24,100,2910,477.63,1.59,0,2026-06-10T06:00:00+08:00
SM-0240-01,SUP-026,MAT-0240,1,72,50,7267,140.4,1.53,1,2026-06-06T14:00:00+08:00
SM-0240-02,SUP-001,MAT-0240,2,48,1000,7485,137.21,1.21,1,2026-06-12T14:00:00+08:00
SM-0240-03,SUP-037,MAT-0240,3,96,500,491,124.5,1.51,0,2026-06-08T04:00:00+08:00
SM-0240-04,SUP-015,MAT-0240,4,96,50,12647,110.92,1.24,1,2026-06-06T21:00:00+08:00
