supplier_performance_id,supplier_id,period,purchase_order_count,on_time_delivery_rate,defect_rate,average_delay_hours,emergency_response_hours,score
SP-001-2026-06,SUP-001,2026-06,13,0.7637,0.12,27.0,31.9,80.4
SP-001-2026-05,SUP-001,2026-05,28,0.8412,0.12,13.2,30.8,85.5
SP-001-2026-04,SUP-001,2026-04,23,0.8463,0.12,18.0,3.2,85.8
SP-001-2026-03,SUP-001,2026-03,28,0.8638,0.12,16.6,8.7,86.9
SP-001-2026-02,SUP-001,2026-02,22,0.7919,0.12,19.1,32.6,82.3
SP-001-2026-01,SUP-001,2026-01,20,0.8267,0.12,1.7,27.3,84.5
SP-001-2025-12,SUP-001,2025-12,60,0.7822,0.12,13.2,1.6,81.6
SP-001-2025-11,SUP-001,2025-11,23,0.8604,0.12,6.1,22.6,86.7
SP-001-2025-10,SUP-001,2025-10,24,0.8195,0.12,12.7,29.1,84.1
SP-001-2025-09,SUP-001,2025-09,31,0.8151,0.12,14.5,18.0,83.8
SP-001-2025-08,SUP-001,2025-08,24,0.8587,0.12,14.0,21.5,86.6
SP-001-2025-07,SUP-001,2025-07,24,0.7829,0.12,22.0,12.2,81.7
SP-002-2026-06,SUP-002,2026-06,13,0.8579,0.12,1.8,25.6,86.6
SP-002-2026-05,SUP-002,2026-05,19,0.8138,0.12,19.9,20.3,83.7
SP-002-2026-04,SUP-002,2026-04,18,0.8828,0.12,4.3,34.5,88.2
SP-002-2026-03,SUP-002,2026-03,43,0.9263,0.12,4.6,27.6,91.0
SP-002-2026-02,SUP-002,2026-02,46,0.8788,0.12,11.8,2.7,87.9
SP-002-2026-01,SUP-002,2026-01,19,0.8522,0.12,18.6,1.6,86.2
SP-002-2025-12,SUP-002,2025-12,14,0.8582,0.12,10.9,22.3,86.6
SP-002-2025-11,SUP-002,2025-11,7,0.8577,0.12,2.1,5.2,86.5
SP-002-2025-10,SUP-002,2025-10,5,0.8145,0.12,22.7,26.9,83.7
SP-002-2025-09,SUP-002,2025-09,20,0.906,0.12,0,30.9,89.7
SP-002-2025-08,SUP-002,2025-08,11,0.8615,0.12,3.2,20.7,86.8
SP-002-2025-07,SUP-002,2025-07,28,0.8381,0.12,14.0,25.5,85.3
SP-003-2026-06,SUP-003,2026-06,7,0.8201,0.06947,3.3,35.7,85.9
SP-003-2026-05,SUP-003,2026-05,19,0.8549,0.06733,19.9,26.6,88.2
SP-003-2026-04,SUP-003,2026-04,23,0.7444,0.05493,20.7,29.0,81.5
SP-003-2026-03,SUP-003,2026-03,19,0.8166,0.05482,22.5,5.4,86.2
SP-003-2026-02,SUP-003,2026-02,13,0.755,0.06476,24.5,8.0,81.8
SP-003-2026-01,SUP-003,2026-01,15,0.7644,0.05647,24.6,3.7,82.7
SP-003-2025-12,SUP-003,2025-12,40,0.7548,0.06029,21.8,32.1,82.0
SP-003-2025-11,SUP-003,2025-11,47,0.8562,0.05428,4.0,28.7,88.8
SP-003-2025-10,SUP-003,2025-10,15,0.7888,0.06243,16.3,4.8,84.1
SP-003-2025-09,SUP-003,2025-09,65,0.8008,0.05875,13.9,26.3,85.0
SP-003-2025-08,SUP-003,2025-08,11,0.8477,0.05407,9.5,30.4,88.2
SP-003-2025-07,SUP-003,2025-07,21,0.766,0.05244,16.7,26.5,83.0
SP-004-2026-06,SUP-004,2026-06,22,0.7451,0.07624,26.9,14.0,80.8
SP-004-2026-05,SUP-004,2026-05,26,0.74,0.08137,12.4,7.8,80.3
SP-004-2026-04,SUP-004,2026-04,55,0.7035,0.0899,25.4,3.2,77.6
SP-004-2026-03,SUP-004,2026-03,41,0.7561,0.09526,17.6,1.0,80.8
SP-004-2026-02,SUP-004,2026-02,9,0.7325,0.09613,33.6,9.6,79.2
SP-004-2026-01,SUP-004,2026-01,14,0.7359,0.07588,18.9,15.3,80.2
SP-004-2025-12,SUP-004,2025-12,36,0.6574,0.07426,39.7,15.7,75.1
SP-004-2025-11,SUP-004,2025-11,12,0.7667,0.07851,19.1,29.3,82.1
SP-004-2025-10,SUP-004,2025-10,52,0.7448,0.09703,16.1,32.7,80.0
SP-004-2025-09,SUP-004,2025-09,8,0.7716,0.09535,11.1,19.7,81.8
SP-004-2025-08,SUP-004,2025-08,51,0.7736,0.07869,24.1,28.6,82.5
SP-004-2025-07,SUP-004,2025-07,10,0.7692,0.07907,20.2,13.6,82.2
SP-005-2026-06,SUP-005,2026-06,8,0.9869,0.12,0,21.0,94.9
SP-005-2026-05,SUP-005,2026-05,44,0.8832,0.12,9.7,18.5,88.2
SP-005-2026-04,SUP-005,2026-04,31,0.8966,0.12,15.5,11.2,89.1
SP-005-2026-03,SUP-005,2026-03,62,0.9447,0.12,8.7,11.0,92.2
SP-005-2026-02,SUP-005,2026-02,13,0.9684,0.12,3.6,27.9,93.7
SP-005-2026-01,SUP-005,2026-01,35,0.9184,0.12,0.2,7.0,90.5
SP-005-2025-12,SUP-005,2025-12,41,0.9238,0.12,9.2,12.1,90.8
SP-005-2025-11,SUP-005,2025-11,9,0.9326,0.12,11.1,13.9,91.4
SP-005-2025-10,SUP-005,2025-10,13,0.9868,0.12,0,31.6,94.9
SP-005-2025-09,SUP-005,2025-09,24,0.9297,0.12,1.3,18.9,91.2
SP-005-2025-08,SUP-005,2025-08,13,0.9361,0.12,2.7,21.4,91.6
SP-005-2025-07,SUP-005,2025-07,18,0.9886,0.12,17.6,11.8,95.1
SP-006-2026-06,SUP-006,2026-06,55,0.8357,0.12,14.7,13.3,85.1
SP-006-2026-05,SUP-006,2026-05,48,0.8646,0.12,7.0,1.4,87.0
SP-006-2026-04,SUP-006,2026-04,33,0.8301,0.12,19.1,35.3,84.8
SP-006-2026-03,SUP-006,2026-03,53,0.8709,0.12,17.5,35.2,87.4
SP-006-2026-02,SUP-006,2026-02,31,0.8733,0.12,12.7,32.9,87.6
SP-006-2026-01,SUP-006,2026-01,23,0.8883,0.12,11.2,10.7,88.5
SP-006-2025-12,SUP-006,2025-12,46,0.8148,0.12,15.5,27.9,83.8
SP-006-2025-11,SUP-006,2025-11,30,0.8059,0.12,10.4,8.1,83.2
SP-006-2025-10,SUP-006,2025-10,63,0.8923,0.12,8.1,5.7,88.8
SP-006-2025-09,SUP-006,2025-09,21,0.791,0.12,15.8,16.5,82.2
SP-006-2025-08,SUP-006,2025-08,64,0.9055,0.12,8.9,31.3,89.7
SP-006-2025-07,SUP-006,2025-07,45,0.8496,0.12,9.8,23.0,86.0
SP-007-2026-06,SUP-007,2026-06,23,0.8926,0.1095,5.6,8.9,89.2
SP-007-2026-05,SUP-007,2026-05,30,0.9311,0.10876,8.7,27.0,91.7
SP-007-2026-04,SUP-007,2026-04,16,0.9537,0.09374,0,8.9,93.7
SP-007-2026-03,SUP-007,2026-03,9,0.9391,0.10326,11.2,35.2,92.4
SP-007-2026-02,SUP-007,2026-02,60,0.8863,0.09602,12.7,23.2,89.2
SP-007-2026-01,SUP-007,2026-01,9,0.9343,0.0986,16.3,21.2,92.3
SP-007-2025-12,SUP-007,2025-12,9,0.9376,0.10996,0,28.4,92.1
SP-007-2025-11,SUP-007,2025-11,34,0.9254,0.10536,9.9,28.5,91.5
SP-007-2025-10,SUP-007,2025-10,26,0.9077,0.10932,1.0,22.0,90.2
SP-007-2025-09,SUP-007,2025-09,4,0.9561,0.10588,11.1,4.5,93.4
SP-007-2025-08,SUP-007,2025-08,44,0.9382,0.10329,0,5.9,92.4
SP-007-2025-07,SUP-007,2025-07,44,0.948,0.10795,5.0,5.9,92.8
SP-008-2026-06,SUP-008,2026-06,25,0.9149,0.12,5.7,8.8,90.3
SP-008-2026-05,SUP-008,2026-05,31,0.9221,0.12,7.6,30.3,90.7
SP-008-2026-04,SUP-008,2026-04,64,0.9029,0.12,6.7,29.4,89.5
SP-008-2026-03,SUP-008,2026-03,16,0.8223,0.12,14.3,31.7,84.3
SP-008-2026-02,SUP-008,2026-02,20,0.8626,0.12,8.8,27.4,86.9
SP-008-2026-01,SUP-008,2026-01,52,0.9117,0.12,9.8,35.4,90.1
SP-008-2025-12,SUP-008,2025-12,37,0.8562,0.12,9.4,5.8,86.5
SP-008-2025-11,SUP-008,2025-11,32,0.903,0.12,1.0,1.1,89.5
SP-008-2025-10,SUP-008,2025-10,16,0.8716,0.12,2.0,5.0,87.5
SP-008-2025-09,SUP-008,2025-09,12,0.9183,0.12,15.4,17.1,90.5
SP-008-2025-08,SUP-008,2025-08,17,0.8918,0.12,0,21.8,88.8
SP-008-2025-07,SUP-008,2025-07,32,0.8931,0.12,9.0,32.6,88.9
SP-009-2026-06,SUP-009,2026-06,60,0.7218,0.0974,11.3,35.2,78.5
SP-009-2026-05,SUP-009,2026-05,49,0.7435,0.11548,23.0,32.8,79.3
SP-009-2026-04,SUP-009,2026-04,49,0.7771,0.10647,17.5,20.6,81.8
SP-009-2026-03,SUP-009,2026-03,6,0.7236,0.10914,11.8,6.9,78.2
SP-009-2026-02,SUP-009,2026-02,22,0.7396,0.10797,34.1,6.4,79.3
SP-009-2026-01,SUP-009,2026-01,5,0.7235,0.09966,33.4,19.6,78.5
SP-009-2025-12,SUP-009,2025-12,9,0.7704,0.11066,21.5,19.8,81.2
SP-009-2025-11,SUP-009,2025-11,13,0.8086,0.10733,20.9,32.2,83.8
SP-009-2025-10,SUP-009,2025-10,45,0.7914,0.11956,8.7,6.5,82.3
SP-009-2025-09,SUP-009,2025-09,46,0.7407,0.11577,14.7,9.7,79.1
SP-009-2025-08,SUP-009,2025-08,41,0.7173,0.10328,15.7,4.1,78.0
SP-009-2025-07,SUP-009,2025-07,10,0.7791,0.11501,9.6,11.4,81.6
SP-010-2026-06,SUP-010,2026-06,11,0.896,0.12,0,12.2,89.0
SP-010-2026-05,SUP-010,2026-05,47,0.8432,0.12,0,12.8,85.6
SP-010-2026-04,SUP-010,2026-04,31,0.8688,0.12,13.8,15.4,87.3
SP-010-2026-03,SUP-010,2026-03,51,0.9235,0.12,6.8,20.1,90.8
SP-010-2026-02,SUP-010,2026-02,36,0.9164,0.12,2.8,13.0,90.4
SP-010-2026-01,SUP-010,2026-01,21,0.8511,0.12,10.8,16.4,86.1
SP-010-2025-12,SUP-010,2025-12,22,0.9331,0.12,8.4,29.0,91.5
SP-010-2025-11,SUP-010,2025-11,28,0.8827,0.12,5.1,11.7,88.2
SP-010-2025-10,SUP-010,2025-10,31,0.9187,0.12,10.9,16.5,90.5
SP-010-2025-09,SUP-010,2025-09,55,0.8753,0.12,15.2,8.1,87.7
SP-010-2025-08,SUP-010,2025-08,57,0.8633,0.12,18.9,9.8,86.9
SP-010-2025-07,SUP-010,2025-07,59,0.8663,0.12,15.6,35.8,87.1
SP-011-2026-06,SUP-011,2026-06,12,0.8654,0.07387,13.5,3.7,88.7
SP-011-2026-05,SUP-011,2026-05,11,0.9355,0.07299,0,27.9,93.3
SP-011-2026-04,SUP-011,2026-04,64,0.9385,0.07811,0,5.7,93.3
SP-011-2026-03,SUP-011,2026-03,15,0.9461,0.06854,10.4,8.4,94.1
SP-011-2026-02,SUP-011,2026-02,23,0.9007,0.08371,13.4,30.4,90.6
SP-011-2026-01,SUP-011,2026-01,23,0.8645,0.08516,3.4,16.0,88.2
SP-011-2025-12,SUP-011,2025-12,41,0.8501,0.07045,5.6,6.3,87.8
SP-011-2025-11,SUP-011,2025-11,56,0.9432,0.07692,0.5,35.9,93.6
SP-011-2025-10,SUP-011,2025-10,39,0.9181,0.07817,3.1,20.7,91.9
SP-011-2025-09,SUP-011,2025-09,20,0.9432,0.07466,2.4,19.6,93.7
SP-011-2025-08,SUP-011,2025-08,55,0.9167,0.07384,3.4,3.2,92.0
SP-011-2025-07,SUP-011,2025-07,54,0.9283,0.07331,0,34.8,92.8
SP-012-2026-06,SUP-012,2026-06,51,0.8959,0.12,6.2,31.1,89.0
SP-012-2026-05,SUP-012,2026-05,35,0.9107,0.12,11.0,22.7,90.0
SP-012-2026-04,SUP-012,2026-04,32,0.9346,0.12,4.1,21.8,91.6
SP-012-2026-03,SUP-012,2026-03,28,0.8579,0.12,3.4,31.2,86.6
SP-012-2026-02,SUP-012,2026-02,30,0.9375,0.12,1.2,19.7,91.7
SP-012-2026-01,SUP-012,2026-01,16,0.8786,0.12,0,25.4,87.9
SP-012-2025-12,SUP-012,2025-12,45,0.9625,0.12,7.0,25.8,93.4
SP-012-2025-11,SUP-012,2025-11,42,0.9476,0.12,9.3,25.7,92.4
SP-012-2025-10,SUP-012,2025-10,43,0.9312,0.12,1.0,18.3,91.3
SP-012-2025-09,SUP-012,2025-09,46,0.951,0.12,2.7,26.0,92.6
SP-012-2025-08,SUP-012,2025-08,31,0.8602,0.12,14.4,24.3,86.7
SP-012-2025-07,SUP-012,2025-07,46,0.9098,0.12,17.1,3.0,89.9
SP-013-2026-06,SUP-013,2026-06,54,0.7759,0.12,22.3,14.3,81.2
SP-013-2026-05,SUP-013,2026-05,10,0.8929,0.12,3.2,21.0,88.8
SP-013-2026-04,SUP-013,2026-04,5,0.8892,0.12,1.5,34.3,88.6
SP-013-2026-03,SUP-013,2026-03,55,0.805,0.12,18.9,17.5,83.1
SP-013-2026-02,SUP-013,2026-02,58,0.8117,0.12,8.0,14.7,83.6
SP-013-2026-01,SUP-013,2026-01,19,0.8175,0.12,12.1,10.5,83.9
SP-013-2025-12,SUP-013,2025-12,24,0.8804,0.12,5.5,10.8,88.0
SP-013-2025-11,SUP-013,2025-11,11,0.8016,0.12,14.1,3.9,82.9
SP-013-2025-10,SUP-013,2025-10,45,0.778,0.12,16.7,1.6,81.4
SP-013-2025-09,SUP-013,2025-09,16,0.8701,0.12,3.6,6.2,87.4
SP-013-2025-08,SUP-013,2025-08,17,0.8151,0.12,6.4,10.9,83.8
SP-013-2025-07,SUP-013,2025-07,35,0.8803,0.12,20.4,27.3,88.0
SP-014-2026-06,SUP-014,2026-06,21,0.9072,0.03684,9.2,5.7,92.7
SP-014-2026-05,SUP-014,2026-05,13,0.8902,0.02957,8.6,17.5,91.8
SP-014-2026-04,SUP-014,2026-04,43,0.9302,0.02806,1.5,20.7,94.5
SP-014-2026-03,SUP-014,2026-03,42,0.9216,0.03609,8.1,11.7,93.6
SP-014-2026-02,SUP-014,2026-02,44,0.958,0.03026,2.7,23.9,96.2
SP-014-2026-01,SUP-014,2026-01,37,0.9237,0.0409,23.8,16.6,93.6
SP-014-2025-12,SUP-014,2025-12,39,0.9029,0.01852,17.0,6.4,93.0
SP-014-2025-11,SUP-014,2025-11,58,0.9606,0.03703,0,33.7,96.1
SP-014-2025-10,SUP-014,2025-10,25,0.952,0.03163,8.8,35.3,95.8
SP-014-2025-09,SUP-014,2025-09,55,0.8942,0.0316,16.9,23.7,92.0
SP-014-2025-08,SUP-014,2025-08,10,0.9341,0.04152,3.3,19.6,94.3
SP-014-2025-07,SUP-014,2025-07,45,0.9455,0.02575,7.6,28.1,95.6
SP-015-2026-06,SUP-015,2026-06,29,0.7003,0.12,18.5,24.2,76.3
SP-015-2026-05,SUP-015,2026-05,64,0.7758,0.12,22.3,31.9,81.2
SP-015-2026-04,SUP-015,2026-04,49,0.7409,0.12,24.4,11.2,79.0
SP-015-2026-03,SUP-015,2026-03,21,0.7645,0.12,13.9,4.4,80.5
SP-015-2026-02,SUP-015,2026-02,53,0.7107,0.12,21.0,2.1,77.0
SP-015-2026-01,SUP-015,2026-01,10,0.7382,0.12,23.0,9.6,78.8
SP-015-2025-12,SUP-015,2025-12,57,0.7624,0.12,25.7,34.7,80.4
SP-015-2025-11,SUP-015,2025-11,7,0.7419,0.12,6.8,1.5,79.0
SP-015-2025-10,SUP-015,2025-10,4,0.758,0.12,20.5,29.8,80.1
SP-015-2025-09,SUP-015,2025-09,61,0.7357,0.12,18.6,19.7,78.6
SP-015-2025-08,SUP-015,2025-08,49,0.7652,0.12,16.7,30.7,80.5
SP-015-2025-07,SUP-015,2025-07,16,0.7108,0.12,26.4,35.3,77.0
SP-016-2026-06,SUP-016,2026-06,20,0.7022,0.11328,23.2,34.4,76.7
SP-016-2026-05,SUP-016,2026-05,37,0.7111,0.12,17.4,6.3,77.0
SP-016-2026-04,SUP-016,2026-04,59,0.7656,0.1101,4.3,15.3,80.9
SP-016-2026-03,SUP-016,2026-03,52,0.6808,0.12,21.7,2.4,75.0
SP-016-2026-02,SUP-016,2026-02,45,0.7408,0.11724,27.5,15.2,79.0
SP-016-2026-01,SUP-016,2026-01,46,0.6769,0.12,26.7,14.2,74.8
SP-016-2025-12,SUP-016,2025-12,44,0.6937,0.12,22.7,30.7,75.9
SP-016-2025-11,SUP-016,2025-11,13,0.7032,0.10639,25.0,13.6,77.0
SP-016-2025-10,SUP-016,2025-10,9,0.6665,0.10229,23.9,3.6,74.7
SP-016-2025-09,SUP-016,2025-09,65,0.7353,0.1194,13.7,33.1,78.6
SP-016-2025-08,SUP-016,2025-08,8,0.6623,0.11572,16.3,33.7,74.0
SP-016-2025-07,SUP-016,2025-07,27,0.6929,0.10466,18.6,25.0,76.4
SP-017-2026-06,SUP-017,2026-06,26,0.8895,0.02908,10.4,19.7,91.8
SP-017-2026-05,SUP-017,2026-05,21,0.8178,0.02391,8.4,10.1,87.3
SP-017-2026-04,SUP-017,2026-04,49,0.8216,0.02219,15.5,31.0,87.6
SP-017-2026-03,SUP-017,2026-03,64,0.8691,0.0376,2.2,17.7,90.2
SP-017-2026-02,SUP-017,2026-02,29,0.8307,0.0391,23.1,28.6,87.6
SP-017-2026-01,SUP-017,2026-01,57,0.8332,0.03416,10.8,24.0,88.0
SP-017-2025-12,SUP-017,2025-12,17,0.7861,0.0348,23.2,33.4,84.9
SP-017-2025-11,SUP-017,2025-11,62,0.8498,0.0336,9.5,5.2,89.1
SP-017-2025-10,SUP-017,2025-10,9,0.8259,0.03687,18.0,22.2,87.4
SP-017-2025-09,SUP-017,2025-09,21,0.887,0.02307,8.9,30.0,91.8
SP-017-2025-08,SUP-017,2025-08,53,0.786,0.03387,13.0,8.2,84.9
SP-017-2025-07,SUP-017,2025-07,22,0.8776,0.04088,10.2,10.0,90.6
SP-018-2026-06,SUP-018,2026-06,28,0.7448,0.03313,20.7,21.5,82.3
SP-018-2026-05,SUP-018,2026-05,7,0.7663,0.0189,22.2,34.2,84.1
SP-018-2026-04,SUP-018,2026-04,23,0.7323,0.02593,25.1,19.4,81.7
SP-018-2026-03,SUP-018,2026-03,18,0.6529,0.02487,31.4,33.6,76.6
SP-018-2026-02,SUP-018,2026-02,58,0.7601,0.02762,21.3,30.0,83.4
SP-018-2026-01,SUP-018,2026-01,48,0.7595,0.0206,10.7,33.5,83.6
SP-018-2025-12,SUP-018,2025-12,63,0.7261,0.0238,28.6,4.8,81.4
SP-018-2025-11,SUP-018,2025-11,44,0.6524,0.02007,28.9,18.6,76.7
SP-018-2025-10,SUP-018,2025-10,5,0.7216,0.01286,21.0,7.7,81.5
SP-018-2025-09,SUP-018,2025-09,12,0.717,0.03085,18.4,21.3,80.5
SP-018-2025-08,SUP-018,2025-08,21,0.6622,0.03121,16.8,9.5,76.9
SP-018-2025-07,SUP-018,2025-07,44,0.7001,0.0296,26.3,32.0,79.5
SP-019-2026-06,SUP-019,2026-06,56,0.7521,0.11799,20.8,17.6,79.8
SP-019-2026-05,SUP-019,2026-05,52,0.7606,0.12,13.5,14.3,80.2
SP-019-2026-04,SUP-019,2026-04,46,0.7522,0.11207,19.0,35.3,80.0
SP-019-2026-03,SUP-019,2026-03,21,0.7272,0.10493,15.2,16.2,78.6
SP-019-2026-02,SUP-019,2026-02,54,0.8339,0.11787,7.0,16.9,85.1
SP-019-2026-01,SUP-019,2026-01,27,0.7432,0.11093,15.9,25.0,79.4
SP-019-2025-12,SUP-019,2025-12,62,0.7626,0.11517,19.9,8.4,80.5
SP-019-2025-11,SUP-019,2025-11,6,0.7898,0.11847,4.3,4.5,82.2
SP-019-2025-10,SUP-019,2025-10,53,0.774,0.10629,18.2,31.3,81.6
SP-019-2025-09,SUP-019,2025-09,21,0.8157,0.12,7.1,14.3,83.8
SP-019-2025-08,SUP-019,2025-08,42,0.7449,0.12,21.2,29.0,79.2
SP-019-2025-07,SUP-019,2025-07,43,0.807,0.10386,5.8,22.5,83.8
SP-020-2026-06,SUP-020,2026-06,56,0.7483,0.12,18.1,12.1,79.4
SP-020-2026-05,SUP-020,2026-05,13,0.7451,0.12,14.2,25.9,79.2
SP-020-2026-04,SUP-020,2026-04,46,0.7357,0.12,13.2,3.4,78.6
SP-020-2026-03,SUP-020,2026-03,5,0.7333,0.12,22.4,26.7,78.5
SP-020-2026-02,SUP-020,2026-02,6,0.8089,0.12,17.6,28.7,83.4
SP-020-2026-01,SUP-020,2026-01,26,0.6992,0.12,24.8,19.6,76.2
SP-020-2025-12,SUP-020,2025-12,59,0.7824,0.12,27.9,11.0,81.7
SP-020-2025-11,SUP-020,2025-11,23,0.7492,0.12,26.0,28.6,79.5
SP-020-2025-10,SUP-020,2025-10,40,0.8131,0.12,8.0,20.3,83.7
SP-020-2025-09,SUP-020,2025-09,55,0.7604,0.12,15.7,30.6,80.2
SP-020-2025-08,SUP-020,2025-08,49,0.8118,0.12,14.4,28.3,83.6
SP-020-2025-07,SUP-020,2025-07,5,0.7482,0.12,24.3,27.1,79.4
SP-021-2026-06,SUP-021,2026-06,47,0.8547,0.12,19.0,5.2,86.4
SP-021-2026-05,SUP-021,2026-05,56,0.9546,0.12,2.8,2.5,92.9
SP-021-2026-04,SUP-021,2026-04,59,0.8513,0.12,17.5,11.9,86.1
SP-021-2026-03,SUP-021,2026-03,6,0.8847,0.12,16.1,34.2,88.3
SP-021-2026-02,SUP-021,2026-02,42,0.8675,0.12,9.4,10.2,87.2
SP-021-2026-01,SUP-021,2026-01,55,0.9482,0.12,0,29.5,92.4
SP-021-2025-12,SUP-021,2025-12,65,0.9089,0.12,3.7,25.7,89.9
SP-021-2025-11,SUP-021,2025-11,10,0.863,0.12,3.1,23.0,86.9
SP-021-2025-10,SUP-021,2025-10,58,0.9428,0.12,3.3,27.8,92.1
SP-021-2025-09,SUP-021,2025-09,54,0.9368,0.12,7.8,32.5,91.7
SP-021-2025-08,SUP-021,2025-08,51,0.9328,0.12,7.3,34.2,91.4
SP-021-2025-07,SUP-021,2025-07,17,0.9392,0.12,8.8,35.4,91.8
SP-022-2026-06,SUP-022,2026-06,10,0.8623,0.09185,8.6,29.7,87.8
SP-022-2026-05,SUP-022,2026-05,42,0.8687,0.06981,15.0,11.8,89.0
SP-022-2026-04,SUP-022,2026-04,28,0.8799,0.07822,13.5,7.8,89.5
SP-022-2026-03,SUP-022,2026-03,38,0.9138,0.08925,0,15.7,91.3
SP-022-2026-02,SUP-022,2026-02,45,0.9488,0.07923,4.3,3.7,93.9
SP-022-2026-01,SUP-022,2026-01,52,0.9379,0.08607,4.3,26.1,92.9
SP-022-2025-12,SUP-022,2025-12,26,0.9493,0.0846,1.5,16.0,93.7
SP-022-2025-11,SUP-022,2025-11,22,0.9025,0.08383,16.0,35.7,90.7
SP-022-2025-10,SUP-022,2025-10,29,0.9057,0.08232,5.0,6.2,91.0
SP-022-2025-09,SUP-022,2025-09,61,0.9128,0.06965,9.6,27.1,91.9
SP-022-2025-08,SUP-022,2025-08,52,0.8768,0.07014,11.9,31.7,89.5
SP-022-2025-07,SUP-022,2025-07,13,0.942,0.0873,10.8,26.3,93.2
SP-023-2026-06,SUP-023,2026-06,24,0.7533,0.08458,28.8,26.1,81.0
SP-023-2026-05,SUP-023,2026-05,16,0.6803,0.09534,19.0,11.9,75.9
SP-023-2026-04,SUP-023,2026-04,13,0.7046,0.07918,29.7,13.7,78.0
SP-023-2026-03,SUP-023,2026-03,28,0.7326,0.09063,18.2,23.4,79.4
SP-023-2026-02,SUP-023,2026-02,60,0.7065,0.0965,14.4,23.5,77.5
SP-023-2026-01,SUP-023,2026-01,32,0.6757,0.10039,10.8,30.1,75.4
SP-023-2025-12,SUP-023,2025-12,64,0.7197,0.07913,15.9,14.2,79.0
SP-023-2025-11,SUP-023,2025-11,41,0.6915,0.09665,31.5,11.5,76.6
SP-023-2025-10,SUP-023,2025-10,7,0.7314,0.08929,22.4,35.3,79.4
SP-023-2025-09,SUP-023,2025-09,56,0.7533,0.10096,14.7,12.3,80.4
SP-023-2025-08,SUP-023,2025-08,13,0.7187,0.08636,29.1,25.3,78.7
SP-023-2025-07,SUP-023,2025-07,51,0.7023,0.08298,12.2,24.9,77.7
SP-024-2026-06,SUP-024,2026-06,58,0.8252,0.12,27.4,14.3,84.4
SP-024-2026-05,SUP-024,2026-05,8,0.9428,0.12,0,19.8,92.1
SP-024-2026-04,SUP-024,2026-04,11,0.8555,0.12,4.6,32.2,86.4
SP-024-2026-03,SUP-024,2026-03,41,0.9072,0.12,10.3,6.2,89.8
SP-024-2026-02,SUP-024,2026-02,35,0.8365,0.12,18.4,19.5,85.2
SP-024-2026-01,SUP-024,2026-01,30,0.8405,0.12,10.3,34.4,85.4
SP-024-2025-12,SUP-024,2025-12,19,0.886,0.12,6.0,2.0,88.4
SP-024-2025-11,SUP-024,2025-11,36,0.8958,0.12,3.9,2.2,89.0
SP-024-2025-10,SUP-024,2025-10,4,0.9295,0.12,2.6,12.4,91.2
SP-024-2025-09,SUP-024,2025-09,63,0.8704,0.12,15.7,5.2,87.4
SP-024-2025-08,SUP-024,2025-08,65,0.835,0.12,7.6,32.3,85.1
SP-024-2025-07,SUP-024,2025-07,26,0.8922,0.12,16.6,29.2,88.8
SP-025-2026-06,SUP-025,2026-06,64,0.7496,0.12,25.3,34.9,79.5
SP-025-2026-05,SUP-025,2026-05,35,0.7767,0.12,22.1,1.4,81.3
SP-025-2026-04,SUP-025,2026-04,45,0.7525,0.12,10.4,15.9,79.7
SP-025-2026-03,SUP-025,2026-03,38,0.7449,0.12,20.4,11.5,79.2
SP-025-2026-02,SUP-025,2026-02,39,0.765,0.12,19.4,34.5,80.5
SP-025-2026-01,SUP-025,2026-01,42,0.8234,0.12,5.9,20.1,84.3
SP-025-2025-12,SUP-025,2025-12,47,0.8274,0.12,15.0,23.9,84.6
SP-025-2025-11,SUP-025,2025-11,61,0.7559,0.12,24.9,4.8,79.9
SP-025-2025-10,SUP-025,2025-10,15,0.7815,0.12,16.3,22.4,81.6
SP-025-2025-09,SUP-025,2025-09,46,0.789,0.12,14.8,17.3,82.1
SP-025-2025-08,SUP-025,2025-08,41,0.8474,0.12,19.0,19.8,85.9
SP-025-2025-07,SUP-025,2025-07,63,0.7468,0.12,17.3,13.7,79.3
SP-026-2026-06,SUP-026,2026-06,4,0.8046,0.12,23.3,20.0,83.1
SP-026-2026-05,SUP-026,2026-05,59,0.7765,0.12,12.2,26.6,81.3
SP-026-2026-04,SUP-026,2026-04,65,0.791,0.12,13.5,9.3,82.2
SP-026-2026-03,SUP-026,2026-03,4,0.8609,0.12,8.0,29.9,86.8
SP-026-2026-02,SUP-026,2026-02,62,0.8277,0.12,9.1,18.0,84.6
SP-026-2026-01,SUP-026,2026-01,4,0.859,0.12,7.7,22.7,86.6
SP-026-2025-12,SUP-026,2025-12,53,0.7839,0.12,9.3,34.6,81.8
SP-026-2025-11,SUP-026,2025-11,52,0.7537,0.12,20.2,34.6,79.8
SP-026-2025-10,SUP-026,2025-10,55,0.8547,0.12,6.5,23.3,86.4
SP-026-2025-09,SUP-026,2025-09,23,0.8209,0.12,18.7,10.2,84.2
SP-026-2025-08,SUP-026,2025-08,41,0.8206,0.12,13.5,24.8,84.1
SP-026-2025-07,SUP-026,2025-07,42,0.8456,0.12,23.1,5.5,85.8
SP-027-2026-06,SUP-027,2026-06,30,0.8359,0.12,8.5,16.7,85.1
SP-027-2026-05,SUP-027,2026-05,32,0.8549,0.12,14.2,30.1,86.4
SP-027-2026-04,SUP-027,2026-04,63,0.8723,0.12,19.8,27.2,87.5
SP-027-2026-03,SUP-027,2026-03,59,0.7729,0.12,11.1,18.4,81.0
SP-027-2026-02,SUP-027,2026-02,6,0.8349,0.12,13.3,30.7,85.1
SP-027-2026-01,SUP-027,2026-01,49,0.8102,0.12,9.8,32.5,83.5
SP-027-2025-12,SUP-027,2025-12,7,0.7665,0.12,12.8,31.6,80.6
SP-027-2025-11,SUP-027,2025-11,17,0.8529,0.12,19.0,20.8,86.2
SP-027-2025-10,SUP-027,2025-10,32,0.8735,0.12,7.1,21.7,87.6
SP-027-2025-09,SUP-027,2025-09,45,0.7957,0.12,19.5,10.3,82.5
SP-027-2025-08,SUP-027,2025-08,43,0.8658,0.12,10.6,4.9,87.1
SP-027-2025-07,SUP-027,2025-07,38,0.7886,0.12,19.3,21.3,82.1
SP-028-2026-06,SUP-028,2026-06,46,0.9602,0.12,5.1,33.5,93.2
SP-028-2026-05,SUP-028,2026-05,34,0.965,0.12,9.8,34.8,93.5
SP-028-2026-04,SUP-028,2026-04,29,0.9216,0.12,5.3,8.3,90.7
SP-028-2026-03,SUP-028,2026-03,63,0.9489,0.12,14.8,28.8,92.5
SP-028-2026-02,SUP-028,2026-02,33,0.9735,0.12,6.8,21.0,94.1
SP-028-2026-01,SUP-028,2026-01,26,0.9501,0.12,3.1,17.5,92.6
SP-028-2025-12,SUP-028,2025-12,31,0.8983,0.12,11.6,24.0,89.2
SP-028-2025-11,SUP-028,2025-11,22,0.9025,0.12,0.8,27.6,89.5
SP-028-2025-10,SUP-028,2025-10,50,0.9295,0.12,11.2,19.2,91.2
SP-028-2025-09,SUP-028,2025-09,65,0.9175,0.12,10.2,7.8,90.4
SP-028-2025-08,SUP-028,2025-08,64,0.9238,0.12,10.8,12.6,90.8
SP-028-2025-07,SUP-028,2025-07,15,0.8864,0.12,19.3,28.9,88.4
SP-029-2026-06,SUP-029,2026-06,53,0.881,0.02209,11.0,11.7,91.5
SP-029-2026-05,SUP-029,2026-05,6,0.8432,0.01125,5.4,6.6,89.4
SP-029-2026-04,SUP-029,2026-04,7,0.7815,0.01248,16.1,3.6,85.4
SP-029-2026-03,SUP-029,2026-03,7,0.813,0.0121,12.2,24.6,87.4
SP-029-2026-02,SUP-029,2026-02,54,0.8567,0.02453,16.2,27.0,89.8
SP-029-2026-01,SUP-029,2026-01,59,0.8199,0.01703,17.0,1.5,87.7
SP-029-2025-12,SUP-029,2025-12,11,0.7685,0.01574,15.7,25.7,84.4
SP-029-2025-11,SUP-029,2025-11,15,0.768,0.00679,25.4,25.6,84.7
SP-029-2025-10,SUP-029,2025-10,38,0.7756,0.02787,25.2,17.0,84.4
SP-029-2025-09,SUP-029,2025-09,45,0.8731,0.0183,9.9,12.1,91.1
SP-029-2025-08,SUP-029,2025-08,28,0.8231,0.01317,19.6,14.8,88.0
SP-029-2025-07,SUP-029,2025-07,58,0.8057,0.02823,9.8,11.0,86.4
SP-030-2026-06,SUP-030,2026-06,27,0.8183,0.01852,24.3,4.5,87.5
SP-030-2026-05,SUP-030,2026-05,51,0.8869,0.01282,18.2,6.9,92.2
SP-030-2026-04,SUP-030,2026-04,47,0.8848,0.01875,15.8,34.0,91.9
SP-030-2026-03,SUP-030,2026-03,35,0.8946,0.00628,19.5,22.3,92.9
SP-030-2026-02,SUP-030,2026-02,4,0.9006,0.03057,4.6,15.0,92.5
SP-030-2026-01,SUP-030,2026-01,33,0.8976,0.00763,13.5,21.1,93.1
SP-030-2025-12,SUP-030,2025-12,45,0.7992,0.01545,8.0,5.3,86.4
SP-030-2025-11,SUP-030,2025-11,34,0.815,0.02124,20.1,16.3,87.2
SP-030-2025-10,SUP-030,2025-10,4,0.7879,0.01023,11.7,12.5,85.9
SP-030-2025-09,SUP-030,2025-09,58,0.8706,0.00708,8.2,10.7,91.3
SP-030-2025-08,SUP-030,2025-08,45,0.8533,0.02949,8.9,20.4,89.4
SP-030-2025-07,SUP-030,2025-07,38,0.8725,0.01947,10.4,11.6,91.0
SP-031-2026-06,SUP-031,2026-06,14,0.734,0.12,27.6,6.1,78.5
SP-031-2026-05,SUP-031,2026-05,59,0.7539,0.12,18.2,13.5,79.8
SP-031-2026-04,SUP-031,2026-04,38,0.8355,0.12,13.8,18.2,85.1
SP-031-2026-03,SUP-031,2026-03,16,0.7429,0.12,24.9,3.4,79.1
SP-031-2026-02,SUP-031,2026-02,17,0.8372,0.12,10.2,6.3,85.2
SP-031-2026-01,SUP-031,2026-01,42,0.7441,0.12,13.8,30.5,79.2
SP-031-2025-12,SUP-031,2025-12,52,0.7311,0.12,23.9,34.7,78.3
SP-031-2025-11,SUP-031,2025-11,16,0.7442,0.12,8.7,5.0,79.2
SP-031-2025-10,SUP-031,2025-10,38,0.8357,0.12,14.1,27.8,85.1
SP-031-2025-09,SUP-031,2025-09,34,0.7886,0.12,15.6,19.6,82.1
SP-031-2025-08,SUP-031,2025-08,41,0.7497,0.12,4.3,12.9,79.5
SP-031-2025-07,SUP-031,2025-07,26,0.7915,0.12,16.6,22.3,82.3
SP-032-2026-06,SUP-032,2026-06,44,0.8127,0.12,21.3,25.2,83.6
SP-032-2026-05,SUP-032,2026-05,6,0.8747,0.12,7.4,32.9,87.7
SP-032-2026-04,SUP-032,2026-04,9,0.9059,0.12,1.0,33.2,89.7
SP-032-2026-03,SUP-032,2026-03,11,0.8966,0.12,8.1,35.7,89.1
SP-032-2026-02,SUP-032,2026-02,34,0.9215,0.12,17.3,13.1,90.7
SP-032-2026-01,SUP-032,2026-01,23,0.9175,0.12,10.8,8.1,90.4
SP-032-2025-12,SUP-032,2025-12,46,0.8611,0.12,12.4,15.9,86.8
SP-032-2025-11,SUP-032,2025-11,45,0.8228,0.12,15.6,17.7,84.3
SP-032-2025-10,SUP-032,2025-10,58,0.889,0.12,18.5,18.8,88.6
SP-032-2025-09,SUP-032,2025-09,55,0.8474,0.12,25.8,17.9,85.9
SP-032-2025-08,SUP-032,2025-08,10,0.8752,0.12,0,8.8,87.7
SP-032-2025-07,SUP-032,2025-07,14,0.9052,0.12,10.1,2.6,89.6
SP-033-2026-06,SUP-033,2026-06,64,0.9138,0.05245,8.9,3.6,92.6
SP-033-2026-05,SUP-033,2026-05,60,0.9272,0.07346,10.3,35.1,92.7
SP-033-2026-04,SUP-033,2026-04,9,0.917,0.05973,12.1,33.1,92.5
SP-033-2026-03,SUP-033,2026-03,12,0.9613,0.06142,0,1.3,95.3
SP-033-2026-02,SUP-033,2026-02,6,0.8671,0.07171,8.7,24.1,88.9
SP-033-2026-01,SUP-033,2026-01,20,0.9681,0.05344,0,2.8,96.1
SP-033-2025-12,SUP-033,2025-12,40,0.9624,0.05728,5.8,20.2,95.5
SP-033-2025-11,SUP-033,2025-11,55,0.9658,0.06039,4.3,1.1,95.7
SP-033-2025-10,SUP-033,2025-10,56,0.9307,0.0527,12.3,34.1,93.7
SP-033-2025-09,SUP-033,2025-09,7,0.8812,0.0765,0,9.6,89.6
SP-033-2025-08,SUP-033,2025-08,58,0.8681,0.07161,13.9,27.5,88.9
SP-033-2025-07,SUP-033,2025-07,33,0.8893,0.05856,9.0,21.0,90.8
SP-034-2026-06,SUP-034,2026-06,8,0.8619,0.12,16.2,33.1,86.8
SP-034-2026-05,SUP-034,2026-05,10,0.7691,0.12,8.0,12.1,80.8
SP-034-2026-04,SUP-034,2026-04,49,0.778,0.12,23.3,20.2,81.4
SP-034-2026-03,SUP-034,2026-03,60,0.8547,0.12,0,10.8,86.4
SP-034-2026-02,SUP-034,2026-02,51,0.7722,0.12,20.7,23.6,81.0
SP-034-2026-01,SUP-034,2026-01,37,0.8296,0.12,15.0,3.3,84.7
SP-034-2025-12,SUP-034,2025-12,58,0.8629,0.12,11.3,18.6,86.9
SP-034-2025-11,SUP-034,2025-11,45,0.8515,0.12,12.1,19.3,86.1
SP-034-2025-10,SUP-034,2025-10,53,0.8498,0.12,10.5,20.9,86.0
SP-034-2025-09,SUP-034,2025-09,22,0.7638,0.12,12.6,32.4,80.4
SP-034-2025-08,SUP-034,2025-08,4,0.7926,0.12,15.0,19.4,82.3
SP-034-2025-07,SUP-034,2025-07,6,0.7893,0.12,18.7,31.2,82.1
SP-035-2026-06,SUP-035,2026-06,23,0.9599,0.11394,12.0,33.0,93.4
SP-035-2026-05,SUP-035,2026-05,61,0.8904,0.11489,13.9,7.0,88.9
SP-035-2026-04,SUP-035,2026-04,31,0.9511,0.11789,0.7,25.2,92.7
SP-035-2026-03,SUP-035,2026-03,20,0.895,0.09661,6.0,13.6,89.8
SP-035-2026-02,SUP-035,2026-02,64,0.8932,0.11356,13.2,4.4,89.1
SP-035-2026-01,SUP-035,2026-01,41,0.9124,0.09494,4.5,34.9,91.0
SP-035-2025-12,SUP-035,2025-12,30,0.8925,0.10217,1.6,32.9,89.4
SP-035-2025-11,SUP-035,2025-11,5,0.9408,0.10275,9.5,19.1,92.6
SP-035-2025-10,SUP-035,2025-10,6,0.875,0.11276,9.4,30.8,87.9
SP-035-2025-09,SUP-035,2025-09,14,0.9382,0.09937,12.1,1.0,92.5
SP-035-2025-08,SUP-035,2025-08,10,0.9609,0.10215,0,2.3,93.9
SP-035-2025-07,SUP-035,2025-07,58,0.9385,0.10554,8.0,15.4,92.3
SP-036-2026-06,SUP-036,2026-06,34,0.6971,0.12,31.6,28.6,76.1
SP-036-2026-05,SUP-036,2026-05,18,0.7422,0.12,22.2,13.9,79.0
SP-036-2026-04,SUP-036,2026-04,50,0.7061,0.12,24.2,32.2,76.7
SP-036-2026-03,SUP-036,2026-03,4,0.7799,0.12,16.9,10.3,81.5
SP-036-2026-02,SUP-036,2026-02,63,0.747,0.12,22.6,29.9,79.4
SP-036-2026-01,SUP-036,2026-01,12,0.7491,0.12,21.0,23.0,79.5
SP-036-2025-12,SUP-036,2025-12,29,0.6952,0.12,18.1,2.7,76.0
SP-036-2025-11,SUP-036,2025-11,23,0.7751,0.12,28.1,22.5,81.2
SP-036-2025-10,SUP-036,2025-10,22,0.7755,0.12,11.2,18.1,81.2
SP-036-2025-09,SUP-036,2025-09,31,0.7001,0.12,20.6,28.5,76.3
SP-036-2025-08,SUP-036,2025-08,17,0.7694,0.12,22.8,34.1,80.8
SP-036-2025-07,SUP-036,2025-07,46,0.736,0.12,24.1,3.7,78.6
SP-037-2026-06,SUP-037,2026-06,36,0.9763,0.12,8.3,33.8,94.3
SP-037-2026-05,SUP-037,2026-05,65,0.9507,0.12,8.6,16.7,92.6
SP-037-2026-04,SUP-037,2026-04,32,0.8843,0.12,16.9,24.4,88.3
SP-037-2026-03,SUP-037,2026-03,56,0.9014,0.12,13.5,17.7,89.4
SP-037-2026-02,SUP-037,2026-02,53,0.9691,0.12,3.9,3.9,93.8
SP-037-2026-01,SUP-037,2026-01,26,0.9414,0.12,12.2,28.0,92.0
SP-037-2025-12,SUP-037,2025-12,42,0.9426,0.12,3.4,16.8,92.1
SP-037-2025-11,SUP-037,2025-11,28,0.9114,0.12,2.0,12.9,90.0
SP-037-2025-10,SUP-037,2025-10,6,0.892,0.12,0.6,7.8,88.8
SP-037-2025-09,SUP-037,2025-09,54,0.9861,0.12,4.3,35.3,94.9
SP-037-2025-08,SUP-037,2025-08,18,0.9473,0.12,0,18.4,92.4
SP-037-2025-07,SUP-037,2025-07,61,0.8835,0.12,9.9,17.0,88.2
SP-038-2026-06,SUP-038,2026-06,4,0.7527,0.12,12.6,6.2,79.7
SP-038-2026-05,SUP-038,2026-05,17,0.7192,0.12,33.9,34.5,77.5
SP-038-2026-04,SUP-038,2026-04,11,0.6996,0.12,35.7,2.3,76.3
SP-038-2026-03,SUP-038,2026-03,38,0.6686,0.12,22.6,22.2,74.3
SP-038-2026-02,SUP-038,2026-02,63,0.7167,0.12,30.1,31.8,77.4
SP-038-2026-01,SUP-038,2026-01,61,0.7223,0.12,12.7,17.2,77.7
SP-038-2025-12,SUP-038,2025-12,27,0.6771,0.12,23.9,15.0,74.8
SP-038-2025-11,SUP-038,2025-11,42,0.7612,0.12,9.8,17.0,80.3
SP-038-2025-10,SUP-038,2025-10,22,0.7467,0.12,16.0,29.0,79.3
SP-038-2025-09,SUP-038,2025-09,43,0.694,0.12,27.4,9.3,75.9
SP-038-2025-08,SUP-038,2025-08,44,0.7377,0.12,21.3,14.8,78.8
SP-038-2025-07,SUP-038,2025-07,17,0.727,0.12,33.8,17.6,78.1
SP-039-2026-06,SUP-039,2026-06,10,0.7099,0.08843,20.9,25.6,78.1
SP-039-2026-05,SUP-039,2026-05,10,0.6695,0.08519,22.2,13.9,75.5
SP-039-2026-04,SUP-039,2026-04,31,0.7101,0.08198,23.7,21.9,78.3
SP-039-2026-03,SUP-039,2026-03,60,0.7464,0.07852,37.1,7.9,80.8
SP-039-2026-02,SUP-039,2026-02,22,0.742,0.07591,17.9,27.3,80.6
SP-039-2026-01,SUP-039,2026-01,39,0.7394,0.08519,19.6,23.6,80.1
SP-039-2025-12,SUP-039,2025-12,58,0.6453,0.07724,33.8,8.6,74.2
SP-039-2025-11,SUP-039,2025-11,10,0.7538,0.09077,28.9,21.7,80.8
SP-039-2025-10,SUP-039,2025-10,8,0.7087,0.072,20.1,23.1,78.5
SP-039-2025-09,SUP-039,2025-09,64,0.7525,0.08085,20.6,24.9,81.1
SP-039-2025-08,SUP-039,2025-08,54,0.7283,0.0897,17.8,22.3,79.2
SP-039-2025-07,SUP-039,2025-07,17,0.6492,0.07481,22.3,13.1,74.6
SP-040-2026-06,SUP-040,2026-06,56,0.8834,0.11145,14.4,13.2,88.5
SP-040-2026-05,SUP-040,2026-05,37,0.9072,0.09254,9.4,31.7,90.7
SP-040-2026-04,SUP-040,2026-04,54,0.8867,0.1049,12.9,20.6,89.0
SP-040-2026-03,SUP-040,2026-03,26,0.9379,0.09328,6.2,20.6,92.7
SP-040-2026-02,SUP-040,2026-02,49,0.9297,0.09297,2.2,1.1,92.2
SP-040-2026-01,SUP-040,2026-01,45,0.9205,0.09842,16.3,25.7,91.4
SP-040-2025-12,SUP-040,2025-12,6,0.852,0.09497,19.1,27.2,87.1
SP-040-2025-11,SUP-040,2025-11,30,0.9235,0.09011,9.9,17.1,91.9
SP-040-2025-10,SUP-040,2025-10,53,0.8444,0.10916,18.1,34.9,86.1
SP-040-2025-09,SUP-040,2025-09,9,0.8447,0.1108,4.0,35.5,86.0
SP-040-2025-08,SUP-040,2025-08,34,0.864,0.09884,10.8,13.4,87.7
SP-040-2025-07,SUP-040,2025-07,27,0.9018,0.10712,2.4,5.6,89.9
SP-041-2026-06,SUP-041,2026-06,56,0.8511,0.12,22.7,9.5,86.1
SP-041-2026-05,SUP-041,2026-05,57,0.8436,0.12,10.5,4.4,85.6
SP-041-2026-04,SUP-041,2026-04,25,0.8306,0.12,12.9,9.2,84.8
SP-041-2026-03,SUP-041,2026-03,46,0.9096,0.12,0,11.2,89.9
SP-041-2026-02,SUP-041,2026-02,16,0.8522,0.12,14.0,25.1,86.2
SP-041-2026-01,SUP-041,2026-01,22,0.8352,0.12,8.8,23.8,85.1
SP-041-2025-12,SUP-041,2025-12,18,0.8826,0.12,10.1,10.5,88.2
SP-041-2025-11,SUP-041,2025-11,38,0.9188,0.12,2.9,14.3,90.5
SP-041-2025-10,SUP-041,2025-10,13,0.8236,0.12,16.5,1.6,84.3
SP-041-2025-09,SUP-041,2025-09,17,0.8768,0.12,13.9,1.2,87.8
SP-041-2025-08,SUP-041,2025-08,54,0.8792,0.12,13.1,31.7,88.0
SP-041-2025-07,SUP-041,2025-07,16,0.9015,0.12,5.3,3.3,89.4
SP-042-2026-06,SUP-042,2026-06,5,0.7741,0.04343,17.0,5.4,83.8
SP-042-2026-05,SUP-042,2026-05,20,0.6897,0.04982,21.3,21.2,78.1
SP-042-2026-04,SUP-042,2026-04,27,0.7763,0.04718,28.9,10.8,83.8
SP-042-2026-03,SUP-042,2026-03,44,0.7572,0.04939,25.2,11.4,82.5
SP-042-2026-02,SUP-042,2026-02,41,0.6978,0.0378,25.1,25.2,79.0
SP-042-2026-01,SUP-042,2026-01,55,0.7538,0.04352,25.8,10.2,82.5
SP-042-2025-12,SUP-042,2025-12,25,0.7873,0.05467,20.2,4.1,84.3
SP-042-2025-11,SUP-042,2025-11,64,0.8018,0.05053,19.7,17.4,85.3
SP-042-2025-10,SUP-042,2025-10,63,0.7926,0.04773,20.7,19.2,84.8
SP-042-2025-09,SUP-042,2025-09,46,0.7125,0.04604,22.0,18.8,79.7
SP-042-2025-08,SUP-042,2025-08,60,0.7293,0.05412,29.4,8.2,80.5
SP-042-2025-07,SUP-042,2025-07,54,0.7273,0.04286,17.5,20.1,80.8
SP-043-2026-06,SUP-043,2026-06,47,0.7544,0.12,17.3,33.2,79.8
SP-043-2026-05,SUP-043,2026-05,56,0.7687,0.12,14.6,28.5,80.8
SP-043-2026-04,SUP-043,2026-04,5,0.7263,0.12,10.9,29.7,78.0
SP-043-2026-03,SUP-043,2026-03,44,0.7083,0.12,20.0,21.8,76.8
SP-043-2026-02,SUP-043,2026-02,12,0.7331,0.12,26.4,6.1,78.5
SP-043-2026-01,SUP-043,2026-01,43,0.6969,0.12,16.6,7.7,76.1
SP-043-2025-12,SUP-043,2025-12,41,0.7777,0.12,16.0,6.6,81.4
SP-043-2025-11,SUP-043,2025-11,10,0.7425,0.12,16.2,25.0,79.1
SP-043-2025-10,SUP-043,2025-10,49,0.7818,0.12,8.9,21.4,81.6
SP-043-2025-09,SUP-043,2025-09,6,0.6919,0.12,33.0,34.6,75.8
SP-043-2025-08,SUP-043,2025-08,13,0.6845,0.12,36.7,22.8,75.3
SP-043-2025-07,SUP-043,2025-07,36,0.6892,0.12,25.1,29.4,75.6
SP-044-2026-06,SUP-044,2026-06,26,0.8116,0.11981,19.0,20.6,83.6
SP-044-2026-05,SUP-044,2026-05,21,0.7674,0.11617,23.1,8.6,80.8
SP-044-2026-04,SUP-044,2026-04,36,0.7864,0.12,28.5,16.2,81.9
SP-044-2026-03,SUP-044,2026-03,9,0.7864,0.10928,15.6,21.7,82.3
SP-044-2026-02,SUP-044,2026-02,53,0.832,0.12,18.0,22.1,84.9
SP-044-2026-01,SUP-044,2026-01,23,0.8031,0.1105,11.8,7.4,83.3
SP-044-2025-12,SUP-044,2025-12,5,0.8006,0.11566,19.7,21.6,83.0
SP-044-2025-11,SUP-044,2025-11,13,0.8274,0.11051,7.6,32.0,84.9
SP-044-2025-10,SUP-044,2025-10,22,0.7449,0.11697,18.0,6.9,79.3
SP-044-2025-09,SUP-044,2025-09,51,0.8438,0.10958,8.2,30.3,86.0
SP-044-2025-08,SUP-044,2025-08,55,0.813,0.1125,22.9,28.9,83.9
SP-044-2025-07,SUP-044,2025-07,35,0.8447,0.11562,11.2,29.2,85.9
SP-045-2026-06,SUP-045,2026-06,15,0.9006,0.12,13.7,20.9,89.3
SP-045-2026-05,SUP-045,2026-05,5,0.7936,0.12,11.7,32.6,82.4
SP-045-2026-04,SUP-045,2026-04,25,0.8884,0.12,4.9,18.4,88.5
SP-045-2026-03,SUP-045,2026-03,19,0.843,0.12,7.5,16.1,85.6
SP-045-2026-02,SUP-045,2026-02,44,0.8269,0.12,12.5,23.4,84.5
SP-045-2026-01,SUP-045,2026-01,10,0.8713,0.12,7.1,27.3,87.4
SP-045-2025-12,SUP-045,2025-12,38,0.8463,0.12,11.4,31.6,85.8
SP-045-2025-11,SUP-045,2025-11,23,0.9057,0.12,1.1,35.5,89.7
SP-045-2025-10,SUP-045,2025-10,61,0.8294,0.12,14.1,5.2,84.7
SP-045-2025-09,SUP-045,2025-09,38,0.7957,0.12,24.0,24.0,82.5
SP-045-2025-08,SUP-045,2025-08,6,0.8293,0.12,21.1,28.6,84.7
SP-045-2025-07,SUP-045,2025-07,5,0.8567,0.12,13.0,34.7,86.5
SP-046-2026-06,SUP-046,2026-06,39,0.7717,0.10167,20.3,14.0,81.6
SP-046-2026-05,SUP-046,2026-05,50,0.7443,0.10954,27.2,3.0,79.5
SP-046-2026-04,SUP-046,2026-04,51,0.7985,0.1164,15.2,15.8,82.8
SP-046-2026-03,SUP-046,2026-03,11,0.8281,0.12,23.3,31.5,84.6
SP-046-2026-02,SUP-046,2026-02,16,0.8268,0.10449,22.6,22.8,85.1
SP-046-2026-01,SUP-046,2026-01,28,0.7733,0.11464,24.5,26.0,81.3
SP-046-2025-12,SUP-046,2025-12,45,0.8218,0.11897,9.2,15.3,84.3
SP-046-2025-11,SUP-046,2025-11,7,0.8101,0.09769,16.8,29.9,84.2
SP-046-2025-10,SUP-046,2025-10,40,0.8503,0.09607,17.2,8.0,86.9
SP-046-2025-09,SUP-046,2025-09,55,0.767,0.10334,26.2,31.4,81.2
SP-046-2025-08,SUP-046,2025-08,25,0.8055,0.10423,8.6,24.7,83.7
SP-046-2025-07,SUP-046,2025-07,26,0.8402,0.10288,8.1,21.7,86.0
SP-047-2026-06,SUP-047,2026-06,15,0.7929,0.12,20.3,18.7,82.3
SP-047-2026-05,SUP-047,2026-05,37,0.8371,0.12,17.7,21.9,85.2
SP-047-2026-04,SUP-047,2026-04,29,0.8766,0.12,4.7,30.3,87.8
SP-047-2026-03,SUP-047,2026-03,36,0.8387,0.12,10.2,7.3,85.3
SP-047-2026-02,SUP-047,2026-02,14,0.8954,0.12,8.4,16.4,89.0
SP-047-2026-01,SUP-047,2026-01,9,0.8203,0.12,12.8,25.5,84.1
SP-047-2025-12,SUP-047,2025-12,4,0.8833,0.12,11.4,23.0,88.2
SP-047-2025-11,SUP-047,2025-11,51,0.8636,0.12,5.0,35.5,86.9
SP-047-2025-10,SUP-047,2025-10,8,0.8102,0.12,12.1,8.2,83.5
SP-047-2025-09,SUP-047,2025-09,4,0.8975,0.12,2.2,9.0,89.1
SP-047-2025-08,SUP-047,2025-08,59,0.8768,0.12,14.5,12.0,87.8
SP-047-2025-07,SUP-047,2025-07,13,0.8388,0.12,20.2,23.1,85.3
SP-048-2026-06,SUP-048,2026-06,11,0.7665,0.05026,24.4,4.8,83.1
SP-048-2026-05,SUP-048,2026-05,4,0.7117,0.05236,26.9,11.9,79.4
SP-048-2026-04,SUP-048,2026-04,27,0.7867,0.05169,7.3,1.2,84.3
SP-048-2026-03,SUP-048,2026-03,45,0.7828,0.05959,7.0,31.0,83.8
SP-048-2026-02,SUP-048,2026-02,6,0.7226,0.048,14.8,34.3,80.3
SP-048-2026-01,SUP-048,2026-01,14,0.7946,0.05513,19.5,4.7,84.7
SP-048-2025-12,SUP-048,2025-12,41,0.7736,0.0609,20.2,3.1,83.2
SP-048-2025-11,SUP-048,2025-11,21,0.7189,0.05189,29.6,18.6,79.9
SP-048-2025-10,SUP-048,2025-10,62,0.7425,0.0628,16.3,2.4,81.1
SP-048-2025-09,SUP-048,2025-09,28,0.7364,0.0482,27.6,16.3,81.2
SP-048-2025-08,SUP-048,2025-08,10,0.7903,0.06577,4.6,23.7,84.1
SP-048-2025-07,SUP-048,2025-07,25,0.7346,0.05643,30.0,7.2,80.8
SP-049-2026-06,SUP-049,2026-06,40,0.7365,0.01883,16.3,32.5,82.2
SP-049-2026-05,SUP-049,2026-05,12,0.7954,0.02279,8.2,32.0,85.9
SP-049-2026-04,SUP-049,2026-04,8,0.7635,0.00933,11.7,7.8,84.3
SP-049-2026-03,SUP-049,2026-03,63,0.7264,0.02668,24.7,26.5,81.3
SP-049-2026-02,SUP-049,2026-02,30,0.7579,0.02341,12.0,18.1,83.4
SP-049-2026-01,SUP-049,2026-01,58,0.7041,0.01109,21.0,7.2,80.4
SP-049-2025-12,SUP-049,2025-12,33,0.7139,0.02049,11.7,19.8,80.7
SP-049-2025-11,SUP-049,2025-11,19,0.7343,0.02435,24.8,4.9,81.9
SP-049-2025-10,SUP-049,2025-10,60,0.7472,0.00976,26.1,1.4,83.2
SP-049-2025-09,SUP-049,2025-09,12,0.7403,0.02886,25.0,20.0,82.1
SP-049-2025-08,SUP-049,2025-08,61,0.7908,0.01574,19.9,35.0,85.8
SP-049-2025-07,SUP-049,2025-07,55,0.7934,0.01372,11.7,28.2,86.1
SP-050-2026-06,SUP-050,2026-06,43,0.6958,0.12,24.6,8.8,76.0
SP-050-2026-05,SUP-050,2026-05,18,0.7542,0.12,30.5,35.2,79.8
SP-050-2026-04,SUP-050,2026-04,52,0.738,0.12,20.0,34.9,78.8
SP-050-2026-03,SUP-050,2026-03,54,0.6602,0.12,30.3,30.4,73.7
SP-050-2026-02,SUP-050,2026-02,36,0.6554,0.12,19.4,32.6,73.4
SP-050-2026-01,SUP-050,2026-01,39,0.6975,0.12,24.8,30.6,76.1
SP-050-2025-12,SUP-050,2025-12,27,0.7154,0.12,23.9,33.2,77.3
SP-050-2025-11,SUP-050,2025-11,42,0.7553,0.12,16.6,31.5,79.9
SP-050-2025-10,SUP-050,2025-10,50,0.6678,0.12,30.5,12.1,74.2
SP-050-2025-09,SUP-050,2025-09,28,0.7005,0.12,13.9,12.6,76.3
SP-050-2025-08,SUP-050,2025-08,41,0.6958,0.12,25.6,15.3,76.0
SP-050-2025-07,SUP-050,2025-07,38,0.701,0.12,25.7,18.3,76.4
SP-051-2026-06,SUP-051,2026-06,60,0.7185,0.12,16.4,9.5,77.5
SP-051-2026-05,SUP-051,2026-05,27,0.7744,0.12,17.2,33.3,81.1
SP-051-2026-04,SUP-051,2026-04,61,0.7006,0.12,27.7,34.6,76.3
SP-051-2026-03,SUP-051,2026-03,24,0.782,0.12,21.8,25.0,81.6
SP-051-2026-02,SUP-051,2026-02,32,0.6857,0.12,30.8,20.2,75.4
SP-051-2026-01,SUP-051,2026-01,37,0.7709,0.12,19.4,18.9,80.9
SP-051-2025-12,SUP-051,2025-12,12,0.7262,0.12,31.3,5.9,78.0
SP-051-2025-11,SUP-051,2025-11,49,0.7463,0.12,14.0,35.5,79.3
SP-051-2025-10,SUP-051,2025-10,19,0.7971,0.12,19.0,16.9,82.6
SP-051-2025-09,SUP-051,2025-09,65,0.7812,0.12,19.9,16.3,81.6
SP-051-2025-08,SUP-051,2025-08,45,0.7978,0.12,12.1,32.7,82.7
SP-051-2025-07,SUP-051,2025-07,30,0.7822,0.12,19.2,33.0,81.6
SP-052-2026-06,SUP-052,2026-06,63,0.8784,0.05798,8.2,22.3,90.1
SP-052-2026-05,SUP-052,2026-05,62,0.8288,0.05998,10.4,13.4,86.8
SP-052-2026-04,SUP-052,2026-04,32,0.7714,0.03935,11.4,29.6,83.8
SP-052-2026-03,SUP-052,2026-03,11,0.8353,0.06117,4.6,34.3,87.2
SP-052-2026-02,SUP-052,2026-02,40,0.839,0.05535,25.8,26.1,87.6
SP-052-2026-01,SUP-052,2026-01,63,0.8824,0.0562,14.1,19.6,90.4
SP-052-2025-12,SUP-052,2025-12,36,0.7704,0.0471,21.4,11.1,83.4
SP-052-2025-11,SUP-052,2025-11,11,0.8219,0.04609,22.2,32.8,86.8
SP-052-2025-10,SUP-052,2025-10,33,0.7706,0.05855,23.7,7.0,83.0
SP-052-2025-09,SUP-052,2025-09,10,0.8117,0.03959,10.5,21.9,86.4
SP-052-2025-08,SUP-052,2025-08,50,0.7952,0.04225,14.8,34.5,85.2
SP-052-2025-07,SUP-052,2025-07,52,0.8584,0.04049,16.0,19.4,89.4
SP-053-2026-06,SUP-053,2026-06,53,0.8101,0.12,19.0,13.2,83.5
SP-053-2026-05,SUP-053,2026-05,57,0.7675,0.12,25.3,23.6,80.7
SP-053-2026-04,SUP-053,2026-04,31,0.8125,0.12,27.4,20.5,83.6
SP-053-2026-03,SUP-053,2026-03,28,0.828,0.12,13.7,11.0,84.6
SP-053-2026-02,SUP-053,2026-02,10,0.8166,0.12,10.2,24.0,83.9
SP-053-2026-01,SUP-053,2026-01,10,0.7796,0.12,16.7,31.1,81.5
SP-053-2025-12,SUP-053,2025-12,61,0.8317,0.12,1.7,21.7,84.9
SP-053-2025-11,SUP-053,2025-11,58,0.7709,0.12,12.8,3.8,80.9
SP-053-2025-10,SUP-053,2025-10,62,0.8313,0.12,18.7,26.1,84.8
SP-053-2025-09,SUP-053,2025-09,31,0.7872,0.12,19.7,10.5,82.0
SP-053-2025-08,SUP-053,2025-08,25,0.7867,0.12,16.6,17.8,81.9
SP-053-2025-07,SUP-053,2025-07,12,0.8258,0.12,10.7,33.0,84.5
SP-054-2026-06,SUP-054,2026-06,38,0.6626,0.05308,36.5,20.3,76.2
SP-054-2026-05,SUP-054,2026-05,12,0.7001,0.05354,27.6,8.7,78.6
SP-054-2026-04,SUP-054,2026-04,14,0.6761,0.03315,30.0,4.9,77.8
SP-054-2026-03,SUP-054,2026-03,6,0.6557,0.05569,31.9,34.1,75.7
SP-054-2026-02,SUP-054,2026-02,32,0.688,0.04406,23.9,11.9,78.2
SP-054-2026-01,SUP-054,2026-01,30,0.7649,0.03595,20.5,8.9,83.5
SP-054-2025-12,SUP-054,2025-12,56,0.727,0.04461,14.4,9.8,80.7
SP-054-2025-11,SUP-054,2025-11,43,0.6749,0.04045,25.9,22.8,77.5
SP-054-2025-10,SUP-054,2025-10,37,0.7051,0.0325,18.0,18.0,79.7
SP-054-2025-09,SUP-054,2025-09,40,0.732,0.04724,27.5,15.4,80.9
SP-054-2025-08,SUP-054,2025-08,41,0.7278,0.03605,26.0,11.9,81.0
SP-054-2025-07,SUP-054,2025-07,44,0.7003,0.04494,22.6,22.2,78.9
SP-055-2026-06,SUP-055,2026-06,51,0.9385,0.05987,6.3,26.1,93.9
SP-055-2026-05,SUP-055,2026-05,21,0.943,0.05046,7.9,10.5,94.5
SP-055-2026-04,SUP-055,2026-04,47,0.9105,0.06247,9.7,11.1,92.0
SP-055-2026-03,SUP-055,2026-03,17,0.9107,0.05847,7.4,28.2,92.2
SP-055-2026-02,SUP-055,2026-02,23,0.8885,0.05853,8.5,14.7,90.7
SP-055-2026-01,SUP-055,2026-01,6,0.8566,0.07045,2.4,5.5,88.2
SP-055-2025-12,SUP-055,2025-12,14,0.9285,0.06986,0,22.1,92.9
SP-055-2025-11,SUP-055,2025-11,25,0.8941,0.06378,7.2,9.3,90.9
SP-055-2025-10,SUP-055,2025-10,53,0.8308,0.05854,14.1,8.8,87.0
SP-055-2025-09,SUP-055,2025-09,61,0.8788,0.05293,2.0,2.2,90.3
SP-055-2025-08,SUP-055,2025-08,17,0.828,0.05915,12.0,32.5,86.7
SP-055-2025-07,SUP-055,2025-07,54,0.9018,0.07,0,33.9,91.2
SP-056-2026-06,SUP-056,2026-06,42,0.8571,0.08134,5.8,31.1,87.9
SP-056-2026-05,SUP-056,2026-05,38,0.8864,0.07959,14.0,28.7,89.8
SP-056-2026-04,SUP-056,2026-04,33,0.8445,0.07416,6.4,22.9,87.3
SP-056-2026-03,SUP-056,2026-03,12,0.8754,0.07466,19.3,18.4,89.3
SP-056-2026-02,SUP-056,2026-02,23,0.8873,0.08526,0,23.9,89.7
SP-056-2026-01,SUP-056,2026-01,30,0.8304,0.07779,14.3,20.0,86.3
SP-056-2025-12,SUP-056,2025-12,36,0.9004,0.09036,8.5,28.7,90.4
SP-056-2025-11,SUP-056,2025-11,16,0.9261,0.09043,0,25.4,92.0
SP-056-2025-10,SUP-056,2025-10,54,0.9185,0.09236,6.2,25.3,91.5
SP-056-2025-09,SUP-056,2025-09,36,0.8643,0.08654,0.4,6.2,88.2
SP-056-2025-08,SUP-056,2025-08,14,0.9154,0.07425,9.4,25.0,91.9
SP-056-2025-07,SUP-056,2025-07,30,0.9042,0.07937,2.3,28.3,91.0
SP-057-2026-06,SUP-057,2026-06,13,0.8184,0.09592,25.1,1.4,84.8
SP-057-2026-05,SUP-057,2026-05,35,0.7401,0.08944,18.8,14.3,80.0
SP-057-2026-04,SUP-057,2026-04,23,0.7723,0.08971,10.4,10.0,82.1
SP-057-2026-03,SUP-057,2026-03,8,0.7254,0.10393,14.1,2.3,78.5
SP-057-2026-02,SUP-057,2026-02,25,0.782,0.09195,21.3,35.8,82.6
SP-057-2026-01,SUP-057,2026-01,32,0.7336,0.09258,14.9,16.6,79.4
SP-057-2025-12,SUP-057,2025-12,13,0.8238,0.08898,11.3,3.3,85.4
SP-057-2025-11,SUP-057,2025-11,29,0.8332,0.10239,15.6,24.1,85.6
SP-057-2025-10,SUP-057,2025-10,54,0.7291,0.08136,31.6,11.9,79.5
SP-057-2025-09,SUP-057,2025-09,52,0.8334,0.08572,18.9,30.9,86.2
SP-057-2025-08,SUP-057,2025-08,40,0.7697,0.09153,19.4,8.1,81.8
SP-057-2025-07,SUP-057,2025-07,53,0.8062,0.09557,8.8,31.6,84.1
SP-058-2026-06,SUP-058,2026-06,45,0.8065,0.12,25.5,32.0,83.2
SP-058-2026-05,SUP-058,2026-05,19,0.7905,0.12,15.9,33.0,82.2
SP-058-2026-04,SUP-058,2026-04,33,0.7521,0.12,27.4,28.4,79.7
SP-058-2026-03,SUP-058,2026-03,53,0.856,0.12,17.3,24.6,86.4
SP-058-2026-02,SUP-058,2026-02,4,0.7654,0.12,12.5,29.7,80.6
SP-058-2026-01,SUP-058,2026-01,44,0.796,0.11745,31.6,20.1,82.6
SP-058-2025-12,SUP-058,2025-12,43,0.7743,0.12,22.0,26.1,81.1
SP-058-2025-11,SUP-058,2025-11,18,0.8336,0.12,17.6,29.9,85.0
SP-058-2025-10,SUP-058,2025-10,4,0.8144,0.12,5.3,18.7,83.7
SP-058-2025-09,SUP-058,2025-09,36,0.772,0.12,16.0,33.2,81.0
SP-058-2025-08,SUP-058,2025-08,14,0.7875,0.12,17.7,29.4,82.0
SP-058-2025-07,SUP-058,2025-07,19,0.8507,0.12,16.0,14.3,86.1
SP-059-2026-06,SUP-059,2026-06,37,0.6697,0.03772,23.4,32.0,77.2
SP-059-2026-05,SUP-059,2026-05,59,0.6654,0.04442,24.5,16.6,76.7
SP-059-2026-04,SUP-059,2026-04,54,0.7035,0.04248,27.6,16.9,79.2
SP-059-2026-03,SUP-059,2026-03,56,0.6778,0.03698,27.7,27.2,77.8
SP-059-2026-02,SUP-059,2026-02,26,0.691,0.04182,25.4,8.0,78.5
SP-059-2026-01,SUP-059,2026-01,10,0.7431,0.04304,15.9,20.8,81.8
SP-059-2025-12,SUP-059,2025-12,33,0.7035,0.04646,22.5,15.9,79.1
SP-059-2025-11,SUP-059,2025-11,44,0.7187,0.04262,19.6,16.5,80.2
SP-059-2025-10,SUP-059,2025-10,35,0.7125,0.05491,26.4,28.0,79.4
SP-059-2025-09,SUP-059,2025-09,4,0.6776,0.04648,21.9,14.3,77.4
SP-059-2025-08,SUP-059,2025-08,62,0.7397,0.05536,24.8,26.5,81.1
SP-059-2025-07,SUP-059,2025-07,27,0.7796,0.05138,18.3,20.5,83.9
SP-060-2026-06,SUP-060,2026-06,56,0.7734,0.03561,23.0,2.6,84.0
SP-060-2026-05,SUP-060,2026-05,41,0.7457,0.04858,21.1,18.7,81.8
SP-060-2026-04,SUP-060,2026-04,55,0.7472,0.05231,24.4,2.4,81.7
SP-060-2026-03,SUP-060,2026-03,47,0.6679,0.03904,18.6,15.5,77.0
SP-060-2026-02,SUP-060,2026-02,25,0.6932,0.04311,36.1,27.5,78.6
SP-060-2026-01,SUP-060,2026-01,7,0.7591,0.05226,27.1,20.0,82.5
SP-060-2025-12,SUP-060,2025-12,7,0.7756,0.05691,17.0,8.2,83.4
SP-060-2025-11,SUP-060,2025-11,31,0.6753,0.04302,15.5,1.7,77.4
SP-060-2025-10,SUP-060,2025-10,11,0.737,0.05085,26.0,7.9,81.1
SP-060-2025-09,SUP-060,2025-09,12,0.6816,0.04827,27.0,2.4,77.6
SP-060-2025-08,SUP-060,2025-08,42,0.694,0.0415,26.9,17.8,78.7
SP-060-2025-07,SUP-060,2025-07,59,0.7705,0.05345,23.0,18.9,83.2
