event_id,event_type,event_title,severity,risk_score,location,affected_supplier_id,affected_material_id,affected_route,estimated_delay_hours,event_status,started_at,resolved_at,description,updated_at
EVT-000001,route_blockage,运输节点中断-武汉-001,critical,92,天津,SUP-043,MAT-0060,宁波至青岛,36,resolved,2026-03-21T18:00:00+08:00,2026-03-28T06:00:00+08:00,运输节点中断影响供应商、物料和运输路线，需评估库存、订单与替代供应。,2026-03-23T07:00:00+08:00
EVT-000002,customs_delay,海关查验延误-苏州-002,medium,67,天津,SUP-032,MAT-0067,苏州至杭州,36,monitoring,2026-01-21T05:00:00+08:00,2026-01-28T07:00:00+08:00,海关查验延误影响供应商、物料和运输路线，需评估库存、订单与替代供应。,2026-01-22T02:00:00+08:00
EVT-000003,typhoon,台风天气-成都-003,medium,63,上海,SUP-027,MAT-0063,东莞至合肥,24,monitoring,2025-08-20T23:00:00+08:00,2025-08-30T02:00:00+08:00,台风天气影响供应商、物料和运输路线，需评估库存、订单与替代供应。,2025-08-23T01:00:00+08:00
EVT-000004,supplier_shutdown,供应商停产-东莞-004,high,83,杭州,SUP-007,MAT-0197,东莞至上海,24,resolved,2026-02-26T06:00:00+08:00,2026-02-28T16:00:00+08:00,供应商停产影响供应商、物料和运输路线，需评估库存、订单与替代供应。,2026-02-28T07:00:00+08:00
EVT-000005,power_shortage,区域限电-宁波-005,low,45,天津,SUP-031,MAT-0126,上海至宁波,36,resolved,2025-07-16T01:00:00+08:00,2025-07-18T13:00:00+08:00,区域限电影响供应商、物料和运输路线，需评估库存、订单与替代供应。,2025-07-18T11:00:00+08:00
EVT-000006,route_blockage,运输节点中断-合肥-006,critical,95,宁波,SUP-025,MAT-0020,合肥至杭州,168,active,2025-09-19T09:00:00+08:00,2025-09-24T08:00:00+08:00,运输节点中断影响供应商、物料和运输路线，需评估库存、订单与替代供应。,2025-09-21T18:00:00+08:00
EVT-000007,demand_surge,需求突增-成都-007,high,80,合肥,SUP-027,MAT-0062,东莞至成都,48,monitoring,2025-12-31T12:00:00+08:00,2026-01-02T21:00:00+08:00,需求突增影响供应商、物料和运输路线，需评估库存、订单与替代供应。,2026-01-02T10:00:00+08:00
EVT-000008,route_blockage,运输节点中断-青岛-008,low,38,苏州,SUP-035,MAT-0065,合肥至武汉,6,resolved,2025-12-27T16:00:00+08:00,2026-01-03T10:00:00+08:00,运输节点中断影响供应商、物料和运输路线，需评估库存、订单与替代供应。,2025-12-29T16:00:00+08:00
EVT-000009,demand_surge,需求突增-成都-009,medium,51,杭州,SUP-020,MAT-0189,天津至苏州,96,active,2025-08-26T05:00:00+08:00,2025-09-03T08:00:00+08:00,需求突增影响供应商、物料和运输路线，需评估库存、订单与替代供应。,2025-08-27T02:00:00+08:00
EVT-000010,typhoon,台风天气-武汉-010,low,34,杭州,SUP-046,MAT-0107,武汉至天津,24,monitoring,2026-03-14T23:00:00+08:00,2026-03-16T23:00:00+08:00,台风天气影响供应商、物料和运输路线，需评估库存、订单与替代供应。,2026-03-15T10:00:00+08:00
EVT-000011,typhoon,台风天气-杭州-011,medium,53,成都,SUP-026,MAT-0132,武汉至合肥,24,resolved,2025-10-12T06:00:00+08:00,2025-10-21T16:00:00+08:00,台风天气影响供应商、物料和运输路线，需评估库存、订单与替代供应。,2025-10-12T11:00:00+08:00
EVT-000012,typhoon,台风天气-青岛-012,high,83,合肥,SUP-060,MAT-0135,天津至苏州,24,resolved,2025-08-16T22:00:00+08:00,2025-08-21T02:00:00+08:00,台风天气影响供应商、物料和运输路线，需评估库存、订单与替代供应。,2025-08-17T01:00:00+08:00
EVT-000013,typhoon,台风天气-苏州-013,low,30,东莞,SUP-007,MAT-0074,东莞至合肥,72,active,2026-05-30T03:00:00+08:00,2026-06-05T18:00:00+08:00,台风天气影响供应商、物料和运输路线，需评估库存、订单与替代供应。,2026-05-31T11:00:00+08:00
EVT-000014,route_blockage,运输节点中断-苏州-014,medium,68,天津,SUP-044,MAT-0052,杭州至成都,36,resolved,2026-03-09T13:00:00+08:00,2026-03-17T12:00:00+08:00,运输节点中断影响供应商、物料和运输路线，需评估库存、订单与替代供应。,2026-03-12T09:00:00+08:00
EVT-000015,route_blockage,运输节点中断-上海-015,medium,68,武汉,SUP-042,MAT-0213,苏州至合肥,12,active,2025-08-14T10:00:00+08:00,2025-08-15T21:00:00+08:00,运输节点中断影响供应商、物料和运输路线，需评估库存、订单与替代供应。,2025-08-15T16:00:00+08:00
EVT-000016,quality_recall,质量召回-天津-016,high,78,天津,SUP-038,MAT-0124,成都至苏州,6,active,2026-06-10T11:00:00+08:00,,质量召回影响供应商、物料和运输路线，需评估库存、订单与替代供应。,2026-06-12T23:00:00+08:00
EVT-000017,demand_surge,需求突增-杭州-017,medium,53,东莞,SUP-021,MAT-0153,上海至上海,36,resolved,2026-04-16T23:00:00+08:00,2026-04-24T01:00:00+08:00,需求突增影响供应商、物料和运输路线，需评估库存、订单与替代供应。,2026-04-19T16:00:00+08:00
EVT-000018,typhoon,台风天气-东莞-018,low,26,天津,SUP-053,MAT-0180,宁波至上海,48,resolved,2025-06-26T17:00:00+08:00,2025-07-04T04:00:00+08:00,台风天气影响供应商、物料和运输路线，需评估库存、订单与替代供应。,2025-06-28T18:00:00+08:00
EVT-000019,demand_surge,需求突增-杭州-019,low,48,上海,SUP-025,MAT-0028,合肥至合肥,96,resolved,2026-05-21T14:00:00+08:00,2026-05-30T14:00:00+08:00,需求突增影响供应商、物料和运输路线，需评估库存、订单与替代供应。,2026-05-24T14:00:00+08:00
EVT-000020,supplier_shutdown,供应商停产-上海-020,low,40,宁波,SUP-017,MAT-0035,东莞至东莞,72,active,2025-10-26T19:00:00+08:00,2025-11-04T21:00:00+08:00,供应商停产影响供应商、物料和运输路线，需评估库存、订单与替代供应。,2025-10-29T15:00:00+08:00
EVT-000021,route_blockage,运输节点中断-上海-021,low,40,东莞,SUP-012,MAT-0089,苏州至苏州,24,resolved,2026-04-11T04:00:00+08:00,2026-04-12T07:00:00+08:00,运输节点中断影响供应商、物料和运输路线，需评估库存、订单与替代供应。,2026-04-13T14:00:00+08:00
EVT-000022,quality_recall,质量召回-成都-022,high,74,东莞,SUP-016,MAT-0068,武汉至天津,168,resolved,2025-11-25T13:00:00+08:00,2025-12-05T06:00:00+08:00,质量召回影响供应商、物料和运输路线，需评估库存、订单与替代供应。,2025-11-27T02:00:00+08:00
EVT-000023,customs_delay,海关查验延误-武汉-023,high,73,武汉,SUP-015,MAT-0197,合肥至武汉,96,resolved,2026-03-19T03:00:00+08:00,2026-03-27T04:00:00+08:00,海关查验延误影响供应商、物料和运输路线，需评估库存、订单与替代供应。,2026-03-19T18:00:00+08:00
EVT-000024,quality_recall,质量召回-青岛-024,high,76,合肥,SUP-026,MAT-0137,武汉至上海,24,monitoring,2026-03-17T01:00:00+08:00,2026-03-19T00:00:00+08:00,质量召回影响供应商、物料和运输路线，需评估库存、订单与替代供应。,2026-03-17T11:00:00+08:00
EVT-000025,customs_delay,海关查验延误-武汉-025,high,73,武汉,SUP-026,MAT-0112,武汉至青岛,36,active,2025-06-16T10:00:00+08:00,2025-06-21T11:00:00+08:00,海关查验延误影响供应商、物料和运输路线，需评估库存、订单与替代供应。,2025-06-16T11:00:00+08:00
EVT-000026,power_shortage,区域限电-青岛-026,medium,55,东莞,SUP-047,MAT-0098,东莞至成都,72,monitoring,2025-11-19T14:00:00+08:00,2025-11-24T23:00:00+08:00,区域限电影响供应商、物料和运输路线，需评估库存、订单与替代供应。,2025-11-22T12:00:00+08:00
EVT-000027,quality_recall,质量召回-苏州-027,medium,51,天津,SUP-058,MAT-0076,成都至杭州,24,resolved,2026-02-23T22:00:00+08:00,2026-02-24T12:00:00+08:00,质量召回影响供应商、物料和运输路线，需评估库存、订单与替代供应。,2026-02-25T03:00:00+08:00
EVT-000028,route_blockage,运输节点中断-苏州-028,medium,57,武汉,SUP-020,MAT-0129,天津至苏州,168,resolved,2025-08-13T13:00:00+08:00,2025-08-20T08:00:00+08:00,运输节点中断影响供应商、物料和运输路线，需评估库存、订单与替代供应。,2025-08-14T20:00:00+08:00
EVT-000029,demand_surge,需求突增-武汉-029,medium,62,上海,SUP-042,MAT-0175,苏州至苏州,72,escalated,2025-07-12T15:00:00+08:00,2025-07-13T13:00:00+08:00,需求突增影响供应商、物料和运输路线，需评估库存、订单与替代供应。,2025-07-15T11:00:00+08:00
EVT-000030,supplier_shutdown,供应商停产-武汉-030,medium,54,宁波,SUP-018,MAT-0225,成都至合肥,24,resolved,2025-12-24T06:00:00+08:00,2026-01-01T01:00:00+08:00,供应商停产影响供应商、物料和运输路线，需评估库存、订单与替代供应。,2025-12-25T17:00:00+08:00
EVT-000031,supplier_shutdown,供应商停产-苏州-031,low,41,东莞,SUP-035,MAT-0076,合肥至杭州,96,escalated,2025-08-31T06:00:00+08:00,2025-09-04T08:00:00+08:00,供应商停产影响供应商、物料和运输路线，需评估库存、订单与替代供应。,2025-09-02T20:00:00+08:00
EVT-000032,typhoon,台风天气-成都-032,medium,52,东莞,SUP-047,MAT-0195,东莞至上海,96,resolved,2026-05-27T18:00:00+08:00,2026-05-31T08:00:00+08:00,台风天气影响供应商、物料和运输路线，需评估库存、订单与替代供应。,2026-05-28T07:00:00+08:00
EVT-000033,route_blockage,运输节点中断-合肥-033,low,34,宁波,SUP-032,MAT-0236,苏州至武汉,96,resolved,2025-08-18T01:00:00+08:00,2025-08-26T08:00:00+08:00,运输节点中断影响供应商、物料和运输路线，需评估库存、订单与替代供应。,2025-08-18T11:00:00+08:00
EVT-000034,power_shortage,区域限电-东莞-034,low,35,宁波,SUP-016,MAT-0073,武汉至苏州,12,resolved,2025-07-06T14:00:00+08:00,2025-07-13T23:00:00+08:00,区域限电影响供应商、物料和运输路线，需评估库存、订单与替代供应。,2025-07-08T00:00:00+08:00
EVT-000035,quality_recall,质量召回-宁波-035,critical,98,武汉,SUP-013,MAT-0151,宁波至天津,24,resolved,2026-02-03T09:00:00+08:00,2026-02-08T06:00:00+08:00,质量召回影响供应商、物料和运输路线，需评估库存、订单与替代供应。,2026-02-05T10:00:00+08:00
EVT-000036,quality_recall,质量召回-天津-036,high,76,武汉,SUP-054,MAT-0207,杭州至苏州,24,resolved,2025-07-10T01:00:00+08:00,2025-07-15T07:00:00+08:00,质量召回影响供应商、物料和运输路线，需评估库存、订单与替代供应。,2025-07-10T10:00:00+08:00
EVT-000037,port_shutdown,港口停运-天津-037,critical,92,天津,SUP-032,MAT-0113,苏州至天津,12,resolved,2026-03-03T20:00:00+08:00,2026-03-05T16:00:00+08:00,港口停运影响供应商、物料和运输路线，需评估库存、订单与替代供应。,2026-03-04T04:00:00+08:00
EVT-000038,power_shortage,区域限电-杭州-038,high,71,上海,SUP-032,MAT-0037,苏州至成都,6,resolved,2025-12-14T14:00:00+08:00,2025-12-23T01:00:00+08:00,区域限电影响供应商、物料和运输路线，需评估库存、订单与替代供应。,2025-12-14T22:00:00+08:00
EVT-000039,typhoon,台风天气-合肥-039,low,36,天津,SUP-051,MAT-0236,上海至合肥,24,resolved,2026-04-24T13:00:00+08:00,2026-04-26T04:00:00+08:00,台风天气影响供应商、物料和运输路线，需评估库存、订单与替代供应。,2026-04-24T21:00:00+08:00
EVT-000040,supplier_shutdown,供应商停产-苏州-040,high,73,成都,SUP-049,MAT-0223,青岛至宁波,48,escalated,2026-04-06T00:00:00+08:00,2026-04-14T13:00:00+08:00,供应商停产影响供应商、物料和运输路线，需评估库存、订单与替代供应。,2026-04-07T02:00:00+08:00
EVT-000041,customs_delay,海关查验延误-武汉-041,low,44,合肥,SUP-057,MAT-0167,东莞至东莞,96,monitoring,2025-10-26T11:00:00+08:00,2025-11-02T00:00:00+08:00,海关查验延误影响供应商、物料和运输路线，需评估库存、订单与替代供应。,2025-10-28T20:00:00+08:00
EVT-000042,port_shutdown,港口停运-东莞-042,high,81,苏州,SUP-028,MAT-0174,成都至天津,36,resolved,2026-04-15T23:00:00+08:00,2026-04-19T23:00:00+08:00,港口停运影响供应商、物料和运输路线，需评估库存、订单与替代供应。,2026-04-17T08:00:00+08:00
EVT-000043,route_blockage,运输节点中断-天津-043,low,39,杭州,SUP-044,MAT-0136,杭州至杭州,24,resolved,2025-10-21T16:00:00+08:00,2025-10-28T23:00:00+08:00,运输节点中断影响供应商、物料和运输路线，需评估库存、订单与替代供应。,2025-10-23T07:00:00+08:00
EVT-000044,customs_delay,海关查验延误-东莞-044,high,84,东莞,SUP-023,MAT-0041,宁波至上海,168,monitoring,2025-10-02T20:00:00+08:00,2025-10-04T10:00:00+08:00,海关查验延误影响供应商、物料和运输路线，需评估库存、订单与替代供应。,2025-10-03T03:00:00+08:00
EVT-000045,quality_recall,质量召回-天津-045,medium,63,青岛,SUP-006,MAT-0048,武汉至青岛,72,active,2026-02-19T13:00:00+08:00,2026-02-25T18:00:00+08:00,质量召回影响供应商、物料和运输路线，需评估库存、订单与替代供应。,2026-02-21T07:00:00+08:00
EVT-000046,power_shortage,区域限电-东莞-046,low,26,合肥,SUP-003,MAT-0095,宁波至天津,36,monitoring,2025-10-07T05:00:00+08:00,2025-10-07T11:00:00+08:00,区域限电影响供应商、物料和运输路线，需评估库存、订单与替代供应。,2025-10-08T16:00:00+08:00
EVT-000047,power_shortage,区域限电-杭州-047,critical,87,杭州,SUP-043,MAT-0203,宁波至青岛,168,monitoring,2026-03-24T22:00:00+08:00,2026-03-25T10:00:00+08:00,区域限电影响供应商、物料和运输路线，需评估库存、订单与替代供应。,2026-03-27T15:00:00+08:00
EVT-000048,power_shortage,区域限电-青岛-048,critical,97,杭州,SUP-010,MAT-0036,天津至东莞,168,resolved,2026-02-15T13:00:00+08:00,2026-02-19T06:00:00+08:00,区域限电影响供应商、物料和运输路线，需评估库存、订单与替代供应。,2026-02-18T10:00:00+08:00
EVT-000049,customs_delay,海关查验延误-上海-049,medium,53,合肥,SUP-043,MAT-0063,宁波至宁波,48,active,2025-08-23T08:00:00+08:00,2025-09-01T12:00:00+08:00,海关查验延误影响供应商、物料和运输路线，需评估库存、订单与替代供应。,2025-08-24T00:00:00+08:00
EVT-000050,customs_delay,海关查验延误-上海-050,critical,86,杭州,SUP-030,MAT-0032,天津至合肥,72,resolved,2025-06-25T21:00:00+08:00,2025-06-26T15:00:00+08:00,海关查验延误影响供应商、物料和运输路线，需评估库存、订单与替代供应。,2025-06-27T06:00:00+08:00
EVT-000051,power_shortage,区域限电-合肥-051,high,73,青岛,SUP-014,MAT-0051,杭州至合肥,6,resolved,2025-08-18T10:00:00+08:00,2025-08-26T03:00:00+08:00,区域限电影响供应商、物料和运输路线，需评估库存、订单与替代供应。,2025-08-20T02:00:00+08:00
EVT-000052,demand_surge,需求突增-上海-052,high,73,上海,SUP-049,MAT-0006,青岛至天津,24,resolved,2025-08-12T13:00:00+08:00,2025-08-18T06:00:00+08:00,需求突增影响供应商、物料和运输路线，需评估库存、订单与替代供应。,2025-08-13T20:00:00+08:00
EVT-000053,port_shutdown,港口停运-东莞-053,low,41,上海,SUP-018,MAT-0077,成都至苏州,168,resolved,2025-11-24T01:00:00+08:00,2025-12-02T16:00:00+08:00,港口停运影响供应商、物料和运输路线，需评估库存、订单与替代供应。,2025-11-24T10:00:00+08:00
EVT-000054,route_blockage,运输节点中断-成都-054,low,31,苏州,SUP-035,MAT-0098,合肥至宁波,12,resolved,2025-08-07T21:00:00+08:00,2025-08-16T04:00:00+08:00,运输节点中断影响供应商、物料和运输路线，需评估库存、订单与替代供应。,2025-08-08T19:00:00+08:00
EVT-000055,demand_surge,需求突增-成都-055,medium,67,合肥,SUP-036,MAT-0015,武汉至合肥,6,active,2025-09-20T15:00:00+08:00,2025-09-25T08:00:00+08:00,需求突增影响供应商、物料和运输路线，需评估库存、订单与替代供应。,2025-09-22T08:00:00+08:00
EVT-000056,route_blockage,运输节点中断-合肥-056,low,43,苏州,SUP-018,MAT-0185,成都至宁波,24,resolved,2025-10-07T11:00:00+08:00,2025-10-13T23:00:00+08:00,运输节点中断影响供应商、物料和运输路线，需评估库存、订单与替代供应。,2025-10-09T06:00:00+08:00
EVT-000057,power_shortage,区域限电-宁波-057,critical,97,成都,SUP-021,MAT-0086,上海至天津,6,active,2026-01-25T06:00:00+08:00,2026-02-02T14:00:00+08:00,区域限电影响供应商、物料和运输路线，需评估库存、订单与替代供应。,2026-01-27T00:00:00+08:00
EVT-000058,customs_delay,海关查验延误-天津-058,medium,59,合肥,SUP-001,MAT-0038,上海至东莞,168,monitoring,2025-06-25T23:00:00+08:00,2025-06-28T09:00:00+08:00,海关查验延误影响供应商、物料和运输路线，需评估库存、订单与替代供应。,2025-06-27T08:00:00+08:00
EVT-000059,customs_delay,海关查验延误-苏州-059,medium,54,青岛,SUP-028,MAT-0223,成都至东莞,12,resolved,2026-02-21T01:00:00+08:00,2026-02-22T21:00:00+08:00,海关查验延误影响供应商、物料和运输路线，需评估库存、订单与替代供应。,2026-02-21T15:00:00+08:00
EVT-000060,customs_delay,海关查验延误-杭州-060,critical,89,东莞,SUP-007,MAT-0231,东莞至成都,6,resolved,2025-07-26T02:00:00+08:00,2025-07-31T19:00:00+08:00,海关查验延误影响供应商、物料和运输路线，需评估库存、订单与替代供应。,2025-07-27T17:00:00+08:00
EVT-000061,power_shortage,区域限电-成都-061,medium,50,上海,SUP-050,MAT-0213,天津至成都,12,monitoring,2025-07-31T01:00:00+08:00,2025-08-03T21:00:00+08:00,区域限电影响供应商、物料和运输路线，需评估库存、订单与替代供应。,2025-08-02T03:00:00+08:00
EVT-000062,port_shutdown,港口停运-青岛-062,critical,96,天津,SUP-060,MAT-0112,天津至上海,24,monitoring,2026-05-05T06:00:00+08:00,2026-05-10T23:00:00+08:00,港口停运影响供应商、物料和运输路线，需评估库存、订单与替代供应。,2026-05-05T19:00:00+08:00
EVT-000063,supplier_shutdown,供应商停产-天津-063,medium,58,天津,SUP-055,MAT-0238,合肥至东莞,48,monitoring,2026-05-05T22:00:00+08:00,2026-05-14T17:00:00+08:00,供应商停产影响供应商、物料和运输路线，需评估库存、订单与替代供应。,2026-05-06T01:00:00+08:00
EVT-000064,quality_recall,质量召回-天津-064,medium,57,武汉,SUP-040,MAT-0074,天津至上海,12,resolved,2025-08-06T16:00:00+08:00,2025-08-13T20:00:00+08:00,质量召回影响供应商、物料和运输路线，需评估库存、订单与替代供应。,2025-08-07T05:00:00+08:00
EVT-000065,demand_surge,需求突增-青岛-065,high,83,武汉,SUP-008,MAT-0233,成都至上海,168,active,2026-06-10T03:00:00+08:00,,需求突增影响供应商、物料和运输路线，需评估库存、订单与替代供应。,2026-06-10T19:00:00+08:00
EVT-000066,port_shutdown,港口停运-青岛-066,low,47,宁波,SUP-044,MAT-0120,杭州至青岛,96,resolved,2026-01-10T07:00:00+08:00,2026-01-13T00:00:00+08:00,港口停运影响供应商、物料和运输路线，需评估库存、订单与替代供应。,2026-01-12T23:00:00+08:00
EVT-000067,quality_recall,质量召回-东莞-067,high,73,苏州,SUP-056,MAT-0203,武汉至合肥,12,resolved,2025-09-15T19:00:00+08:00,2025-09-16T22:00:00+08:00,质量召回影响供应商、物料和运输路线，需评估库存、订单与替代供应。,2025-09-16T08:00:00+08:00
EVT-000068,customs_delay,海关查验延误-武汉-068,high,73,宁波,SUP-023,MAT-0035,宁波至青岛,72,resolved,2025-07-07T04:00:00+08:00,2025-07-15T12:00:00+08:00,海关查验延误影响供应商、物料和运输路线，需评估库存、订单与替代供应。,2025-07-08T04:00:00+08:00
EVT-000069,power_shortage,区域限电-苏州-069,medium,55,东莞,SUP-002,MAT-0084,苏州至宁波,24,monitoring,2026-04-23T15:00:00+08:00,2026-04-25T07:00:00+08:00,区域限电影响供应商、物料和运输路线，需评估库存、订单与替代供应。,2026-04-24T22:00:00+08:00
EVT-000070,port_shutdown,港口停运-宁波-070,low,39,武汉,SUP-059,MAT-0016,青岛至成都,24,resolved,2026-03-30T21:00:00+08:00,2026-04-04T01:00:00+08:00,港口停运影响供应商、物料和运输路线，需评估库存、订单与替代供应。,2026-04-02T13:00:00+08:00
EVT-000071,quality_recall,质量召回-苏州-071,high,73,东莞,SUP-017,MAT-0034,东莞至上海,24,resolved,2025-09-05T14:00:00+08:00,2025-09-08T19:00:00+08:00,质量召回影响供应商、物料和运输路线，需评估库存、订单与替代供应。,2025-09-06T03:00:00+08:00
EVT-000072,port_shutdown,港口停运-东莞-072,critical,90,苏州,SUP-023,MAT-0193,宁波至上海,48,resolved,2025-09-15T20:00:00+08:00,2025-09-17T03:00:00+08:00,港口停运影响供应商、物料和运输路线，需评估库存、订单与替代供应。,2025-09-18T04:00:00+08:00
EVT-000073,quality_recall,质量召回-天津-073,low,40,苏州,SUP-016,MAT-0183,武汉至天津,6,escalated,2025-11-10T06:00:00+08:00,2025-11-17T01:00:00+08:00,质量召回影响供应商、物料和运输路线，需评估库存、订单与替代供应。,2025-11-12T04:00:00+08:00
EVT-000074,quality_recall,质量召回-成都-074,medium,50,杭州,SUP-035,MAT-0151,合肥至天津,72,resolved,2025-09-25T10:00:00+08:00,2025-09-29T07:00:00+08:00,质量召回影响供应商、物料和运输路线，需评估库存、订单与替代供应。,2025-09-27T18:00:00+08:00
EVT-000075,typhoon,台风天气-武汉-075,medium,65,合肥,SUP-056,MAT-0141,武汉至东莞,96,resolved,2025-09-26T12:00:00+08:00,2025-09-28T06:00:00+08:00,台风天气影响供应商、物料和运输路线，需评估库存、订单与替代供应。,2025-09-29T11:00:00+08:00
EVT-000076,customs_delay,海关查验延误-青岛-076,high,74,成都,SUP-016,MAT-0015,武汉至合肥,48,resolved,2025-07-04T22:00:00+08:00,2025-07-10T13:00:00+08:00,海关查验延误影响供应商、物料和运输路线，需评估库存、订单与替代供应。,2025-07-06T05:00:00+08:00
EVT-000077,supplier_shutdown,供应商停产-成都-077,high,83,青岛,SUP-046,MAT-0166,武汉至天津,96,resolved,2026-04-26T09:00:00+08:00,2026-05-05T11:00:00+08:00,供应商停产影响供应商、物料和运输路线，需评估库存、订单与替代供应。,2026-04-29T08:00:00+08:00
EVT-000078,customs_delay,海关查验延误-成都-078,medium,62,天津,SUP-021,MAT-0063,上海至天津,36,active,2026-01-05T11:00:00+08:00,2026-01-12T09:00:00+08:00,海关查验延误影响供应商、物料和运输路线，需评估库存、订单与替代供应。,2026-01-06T08:00:00+08:00
EVT-000079,customs_delay,海关查验延误-苏州-079,high,79,宁波,SUP-021,MAT-0141,上海至青岛,12,monitoring,2026-06-02T13:00:00+08:00,2026-06-10T10:00:00+08:00,海关查验延误影响供应商、物料和运输路线，需评估库存、订单与替代供应。,2026-06-04T19:00:00+08:00
EVT-000080,quality_recall,质量召回-武汉-080,medium,51,宁波,SUP-057,MAT-0168,东莞至武汉,48,monitoring,2025-12-08T03:00:00+08:00,2025-12-16T03:00:00+08:00,质量召回影响供应商、物料和运输路线，需评估库存、订单与替代供应。,2025-12-10T07:00:00+08:00
EVT-000081,port_shutdown,港口停运-杭州-081,medium,52,杭州,SUP-004,MAT-0034,杭州至天津,96,active,2025-11-06T01:00:00+08:00,2025-11-13T06:00:00+08:00,港口停运影响供应商、物料和运输路线，需评估库存、订单与替代供应。,2025-11-08T07:00:00+08:00
EVT-000082,quality_recall,质量召回-上海-082,medium,55,天津,SUP-020,MAT-0228,天津至武汉,36,active,2025-10-31T12:00:00+08:00,2025-11-02T16:00:00+08:00,质量召回影响供应商、物料和运输路线，需评估库存、订单与替代供应。,2025-11-02T17:00:00+08:00
EVT-000083,port_shutdown,港口停运-上海-083,medium,50,东莞,SUP-033,MAT-0095,宁波至东莞,6,resolved,2025-06-27T14:00:00+08:00,2025-07-06T21:00:00+08:00,港口停运影响供应商、物料和运输路线，需评估库存、订单与替代供应。,2025-06-30T08:00:00+08:00
EVT-000084,route_blockage,运输节点中断-合肥-084,medium,55,天津,SUP-001,MAT-0196,上海至合肥,48,resolved,2026-02-08T10:00:00+08:00,2026-02-12T14:00:00+08:00,运输节点中断影响供应商、物料和运输路线，需评估库存、订单与替代供应。,2026-02-09T01:00:00+08:00
EVT-000085,power_shortage,区域限电-东莞-085,high,72,上海,SUP-009,MAT-0196,青岛至宁波,48,monitoring,2025-11-01T06:00:00+08:00,2025-11-09T19:00:00+08:00,区域限电影响供应商、物料和运输路线，需评估库存、订单与替代供应。,2025-11-01T10:00:00+08:00
EVT-000086,typhoon,台风天气-天津-086,low,45,东莞,SUP-049,MAT-0087,青岛至苏州,168,resolved,2026-06-02T10:00:00+08:00,2026-06-12T03:00:00+08:00,台风天气影响供应商、物料和运输路线，需评估库存、订单与替代供应。,2026-06-05T04:00:00+08:00
EVT-000087,power_shortage,区域限电-武汉-087,high,72,上海,SUP-048,MAT-0183,成都至青岛,6,active,2025-12-05T01:00:00+08:00,2025-12-10T01:00:00+08:00,区域限电影响供应商、物料和运输路线，需评估库存、订单与替代供应。,2025-12-07T15:00:00+08:00
EVT-000088,port_shutdown,港口停运-天津-088,medium,62,青岛,SUP-034,MAT-0207,杭州至东莞,24,resolved,2025-11-22T01:00:00+08:00,2025-11-27T00:00:00+08:00,港口停运影响供应商、物料和运输路线，需评估库存、订单与替代供应。,2025-11-22T05:00:00+08:00
EVT-000089,power_shortage,区域限电-东莞-089,medium,66,苏州,SUP-013,MAT-0206,宁波至成都,36,monitoring,2026-03-26T13:00:00+08:00,2026-03-31T20:00:00+08:00,区域限电影响供应商、物料和运输路线，需评估库存、订单与替代供应。,2026-03-28T12:00:00+08:00
EVT-000090,port_shutdown,港口停运-武汉-090,critical,88,东莞,SUP-046,MAT-0056,武汉至天津,96,resolved,2025-11-02T00:00:00+08:00,2025-11-10T14:00:00+08:00,港口停运影响供应商、物料和运输路线，需评估库存、订单与替代供应。,2025-11-03T22:00:00+08:00
EVT-000091,customs_delay,海关查验延误-杭州-091,medium,63,苏州,SUP-028,MAT-0181,成都至天津,36,resolved,2026-01-21T13:00:00+08:00,2026-01-29T14:00:00+08:00,海关查验延误影响供应商、物料和运输路线，需评估库存、订单与替代供应。,2026-01-22T09:00:00+08:00
EVT-000092,typhoon,台风天气-合肥-092,low,48,成都,SUP-003,MAT-0107,宁波至杭州,12,escalated,2026-06-02T04:00:00+08:00,2026-06-05T16:00:00+08:00,台风天气影响供应商、物料和运输路线，需评估库存、订单与替代供应。,2026-06-03T16:00:00+08:00
EVT-000093,demand_surge,需求突增-青岛-093,low,27,合肥,SUP-016,MAT-0088,武汉至成都,168,resolved,2025-11-09T00:00:00+08:00,2025-11-12T09:00:00+08:00,需求突增影响供应商、物料和运输路线，需评估库存、订单与替代供应。,2025-11-09T04:00:00+08:00
EVT-000094,customs_delay,海关查验延误-苏州-094,low,49,苏州,SUP-060,MAT-0134,天津至苏州,36,active,2025-09-24T08:00:00+08:00,2025-09-25T20:00:00+08:00,海关查验延误影响供应商、物料和运输路线，需评估库存、订单与替代供应。,2025-09-26T12:00:00+08:00
EVT-000095,demand_surge,需求突增-武汉-095,high,73,青岛,SUP-029,MAT-0031,青岛至合肥,12,resolved,2025-11-23T14:00:00+08:00,2025-11-29T23:00:00+08:00,需求突增影响供应商、物料和运输路线，需评估库存、订单与替代供应。,2025-11-25T07:00:00+08:00
EVT-000096,supplier_shutdown,供应商停产-武汉-096,high,78,上海,SUP-025,MAT-0166,合肥至东莞,6,resolved,2026-02-22T02:00:00+08:00,2026-02-27T09:00:00+08:00,供应商停产影响供应商、物料和运输路线，需评估库存、订单与替代供应。,2026-02-24T16:00:00+08:00
EVT-000097,quality_recall,质量召回-上海-097,medium,58,宁波,SUP-015,MAT-0117,合肥至天津,12,resolved,2025-10-18T17:00:00+08:00,2025-10-25T03:00:00+08:00,质量召回影响供应商、物料和运输路线，需评估库存、订单与替代供应。,2025-10-19T05:00:00+08:00
EVT-000098,typhoon,台风天气-杭州-098,high,71,上海,SUP-039,MAT-0209,青岛至成都,96,active,2025-08-06T03:00:00+08:00,2025-08-06T15:00:00+08:00,台风天气影响供应商、物料和运输路线，需评估库存、订单与替代供应。,2025-08-07T18:00:00+08:00
EVT-000099,quality_recall,质量召回-宁波-099,medium,62,东莞,SUP-052,MAT-0062,苏州至青岛,168,monitoring,2025-08-23T05:00:00+08:00,2025-08-24T04:00:00+08:00,质量召回影响供应商、物料和运输路线，需评估库存、订单与替代供应。,2025-08-24T09:00:00+08:00
EVT-000100,supplier_shutdown,供应商停产-东莞-100,medium,58,苏州,SUP-053,MAT-0094,宁波至东莞,48,active,2025-06-15T16:00:00+08:00,2025-06-18T19:00:00+08:00,供应商停产影响供应商、物料和运输路线，需评估库存、订单与替代供应。,2025-06-16T04:00:00+08:00
EVT-000101,typhoon,台风天气-成都-101,high,80,武汉,SUP-044,MAT-0202,杭州至合肥,168,resolved,2025-12-05T07:00:00+08:00,2025-12-14T12:00:00+08:00,台风天气影响供应商、物料和运输路线，需评估库存、订单与替代供应。,2025-12-07T09:00:00+08:00
EVT-000102,route_blockage,运输节点中断-杭州-102,critical,91,上海,SUP-018,MAT-0089,成都至青岛,72,resolved,2026-05-22T04:00:00+08:00,2026-05-28T18:00:00+08:00,运输节点中断影响供应商、物料和运输路线，需评估库存、订单与替代供应。,2026-05-23T16:00:00+08:00
EVT-000103,power_shortage,区域限电-苏州-103,high,71,东莞,SUP-001,MAT-0213,上海至合肥,72,monitoring,2025-10-14T16:00:00+08:00,2025-10-15T22:00:00+08:00,区域限电影响供应商、物料和运输路线，需评估库存、订单与替代供应。,2025-10-17T08:00:00+08:00
EVT-000104,demand_surge,需求突增-成都-104,medium,63,天津,SUP-021,MAT-0107,上海至杭州,6,monitoring,2025-11-09T17:00:00+08:00,2025-11-10T11:00:00+08:00,需求突增影响供应商、物料和运输路线，需评估库存、订单与替代供应。,2025-11-10T02:00:00+08:00
EVT-000105,port_shutdown,港口停运-天津-105,critical,96,天津,SUP-034,MAT-0091,杭州至苏州,96,escalated,2025-12-22T23:00:00+08:00,2025-12-31T17:00:00+08:00,港口停运影响供应商、物料和运输路线，需评估库存、订单与替代供应。,2025-12-25T05:00:00+08:00
EVT-000106,demand_surge,需求突增-苏州-106,high,73,杭州,SUP-006,MAT-0054,武汉至天津,24,resolved,2025-12-10T11:00:00+08:00,2025-12-15T13:00:00+08:00,需求突增影响供应商、物料和运输路线，需评估库存、订单与替代供应。,2025-12-12T05:00:00+08:00
EVT-000107,port_shutdown,港口停运-宁波-107,medium,59,天津,SUP-054,MAT-0178,杭州至东莞,12,monitoring,2026-04-14T06:00:00+08:00,2026-04-19T07:00:00+08:00,港口停运影响供应商、物料和运输路线，需评估库存、订单与替代供应。,2026-04-15T14:00:00+08:00
EVT-000108,typhoon,台风天气-杭州-108,medium,59,苏州,SUP-013,MAT-0031,宁波至合肥,168,active,2025-06-25T00:00:00+08:00,2025-07-03T14:00:00+08:00,台风天气影响供应商、物料和运输路线，需评估库存、订单与替代供应。,2025-06-26T06:00:00+08:00
EVT-000109,demand_surge,需求突增-杭州-109,low,44,东莞,SUP-028,MAT-0106,成都至武汉,72,resolved,2026-04-12T03:00:00+08:00,2026-04-18T06:00:00+08:00,需求突增影响供应商、物料和运输路线，需评估库存、订单与替代供应。,2026-04-13T09:00:00+08:00
EVT-000110,typhoon,台风天气-杭州-110,medium,58,合肥,SUP-016,MAT-0158,武汉至宁波,168,resolved,2025-07-05T05:00:00+08:00,2025-07-07T16:00:00+08:00,台风天气影响供应商、物料和运输路线，需评估库存、订单与替代供应。,2025-07-06T22:00:00+08:00
EVT-000111,route_blockage,运输节点中断-杭州-111,high,79,宁波,SUP-030,MAT-0081,天津至苏州,72,monitoring,2025-12-05T01:00:00+08:00,2025-12-07T19:00:00+08:00,运输节点中断影响供应商、物料和运输路线，需评估库存、订单与替代供应。,2025-12-07T04:00:00+08:00
EVT-000112,supplier_shutdown,供应商停产-东莞-112,low,28,成都,SUP-029,MAT-0125,青岛至宁波,48,resolved,2025-06-20T09:00:00+08:00,2025-06-25T16:00:00+08:00,供应商停产影响供应商、物料和运输路线，需评估库存、订单与替代供应。,2025-06-22T14:00:00+08:00
EVT-000113,supplier_shutdown,供应商停产-东莞-113,critical,93,宁波,SUP-013,MAT-0133,宁波至青岛,72,resolved,2026-02-08T19:00:00+08:00,2026-02-15T06:00:00+08:00,供应商停产影响供应商、物料和运输路线，需评估库存、订单与替代供应。,2026-02-10T23:00:00+08:00
EVT-000114,route_blockage,运输节点中断-宁波-114,medium,52,天津,SUP-001,MAT-0110,上海至杭州,48,monitoring,2026-05-21T11:00:00+08:00,2026-05-30T00:00:00+08:00,运输节点中断影响供应商、物料和运输路线，需评估库存、订单与替代供应。,2026-05-23T08:00:00+08:00
EVT-000115,power_shortage,区域限电-东莞-115,high,71,青岛,SUP-016,MAT-0112,武汉至合肥,168,monitoring,2025-08-15T04:00:00+08:00,2025-08-17T13:00:00+08:00,区域限电影响供应商、物料和运输路线，需评估库存、订单与替代供应。,2025-08-15T18:00:00+08:00
EVT-000116,power_shortage,区域限电-东莞-116,medium,69,青岛,SUP-002,MAT-0134,苏州至杭州,6,monitoring,2025-09-14T10:00:00+08:00,2025-09-16T12:00:00+08:00,区域限电影响供应商、物料和运输路线，需评估库存、订单与替代供应。,2025-09-14T22:00:00+08:00
EVT-000117,port_shutdown,港口停运-上海-117,high,75,武汉,SUP-036,MAT-0064,武汉至天津,72,monitoring,2026-03-27T23:00:00+08:00,2026-04-05T01:00:00+08:00,港口停运影响供应商、物料和运输路线，需评估库存、订单与替代供应。,2026-03-30T03:00:00+08:00
EVT-000118,power_shortage,区域限电-成都-118,medium,54,宁波,SUP-042,MAT-0189,苏州至东莞,12,resolved,2025-08-26T10:00:00+08:00,2025-08-31T22:00:00+08:00,区域限电影响供应商、物料和运输路线，需评估库存、订单与替代供应。,2025-08-26T23:00:00+08:00
EVT-000119,demand_surge,需求突增-宁波-119,medium,53,武汉,SUP-043,MAT-0217,宁波至青岛,72,resolved,2025-08-03T01:00:00+08:00,2025-08-08T17:00:00+08:00,需求突增影响供应商、物料和运输路线，需评估库存、订单与替代供应。,2025-08-03T02:00:00+08:00
EVT-000120,supplier_shutdown,供应商停产-天津-120,medium,60,东莞,SUP-027,MAT-0132,东莞至上海,6,resolved,2026-02-01T07:00:00+08:00,2026-02-02T15:00:00+08:00,供应商停产影响供应商、物料和运输路线，需评估库存、订单与替代供应。,2026-02-03T03:00:00+08:00
EVT-000121,typhoon,台风天气-合肥-121,low,25,青岛,SUP-056,MAT-0074,武汉至东莞,24,monitoring,2026-03-10T12:00:00+08:00,2026-03-18T11:00:00+08:00,台风天气影响供应商、物料和运输路线，需评估库存、订单与替代供应。,2026-03-11T06:00:00+08:00
EVT-000122,power_shortage,区域限电-上海-122,medium,69,杭州,SUP-055,MAT-0014,合肥至宁波,72,resolved,2025-12-28T08:00:00+08:00,2025-12-29T13:00:00+08:00,区域限电影响供应商、物料和运输路线，需评估库存、订单与替代供应。,2025-12-30T19:00:00+08:00
EVT-000123,route_blockage,运输节点中断-宁波-123,high,76,青岛,SUP-038,MAT-0088,成都至武汉,6,resolved,2026-03-21T23:00:00+08:00,2026-03-29T02:00:00+08:00,运输节点中断影响供应商、物料和运输路线，需评估库存、订单与替代供应。,2026-03-24T15:00:00+08:00
EVT-000124,power_shortage,区域限电-上海-124,low,46,合肥,SUP-010,MAT-0025,天津至东莞,12,resolved,2025-10-09T08:00:00+08:00,2025-10-09T14:00:00+08:00,区域限电影响供应商、物料和运输路线，需评估库存、订单与替代供应。,2025-10-11T07:00:00+08:00
EVT-000125,typhoon,台风天气-苏州-125,medium,60,武汉,SUP-013,MAT-0112,宁波至成都,168,monitoring,2026-02-10T03:00:00+08:00,2026-02-13T07:00:00+08:00,台风天气影响供应商、物料和运输路线，需评估库存、订单与替代供应。,2026-02-12T01:00:00+08:00
EVT-000126,route_blockage,运输节点中断-杭州-126,medium,57,天津,SUP-009,MAT-0021,青岛至杭州,72,resolved,2025-10-20T10:00:00+08:00,2025-10-24T03:00:00+08:00,运输节点中断影响供应商、物料和运输路线，需评估库存、订单与替代供应。,2025-10-21T22:00:00+08:00
EVT-000127,quality_recall,质量召回-天津-127,medium,51,成都,SUP-051,MAT-0083,上海至合肥,72,monitoring,2025-06-17T07:00:00+08:00,2025-06-26T16:00:00+08:00,质量召回影响供应商、物料和运输路线，需评估库存、订单与替代供应。,2025-06-18T18:00:00+08:00
EVT-000128,route_blockage,运输节点中断-上海-128,high,80,天津,SUP-049,MAT-0126,青岛至上海,12,monitoring,2026-06-13T02:00:00+08:00,,运输节点中断影响供应商、物料和运输路线，需评估库存、订单与替代供应。,2026-06-15T05:00:00+08:00
EVT-000129,supplier_shutdown,供应商停产-东莞-129,medium,68,宁波,SUP-011,MAT-0202,上海至宁波,48,resolved,2025-10-13T18:00:00+08:00,2025-10-19T01:00:00+08:00,供应商停产影响供应商、物料和运输路线，需评估库存、订单与替代供应。,2025-10-14T15:00:00+08:00
EVT-000130,customs_delay,海关查验延误-成都-130,medium,68,东莞,SUP-049,MAT-0137,青岛至武汉,6,resolved,2026-04-14T07:00:00+08:00,2026-04-15T23:00:00+08:00,海关查验延误影响供应商、物料和运输路线，需评估库存、订单与替代供应。,2026-04-15T13:00:00+08:00
EVT-000131,demand_surge,需求突增-宁波-131,high,74,上海,SUP-032,MAT-0158,苏州至杭州,96,monitoring,2026-03-30T11:00:00+08:00,2026-04-01T08:00:00+08:00,需求突增影响供应商、物料和运输路线，需评估库存、订单与替代供应。,2026-04-01T17:00:00+08:00
EVT-000132,quality_recall,质量召回-青岛-132,medium,66,合肥,SUP-012,MAT-0182,苏州至宁波,12,active,2025-10-15T03:00:00+08:00,2025-10-24T06:00:00+08:00,质量召回影响供应商、物料和运输路线，需评估库存、订单与替代供应。,2025-10-15T22:00:00+08:00
EVT-000133,route_blockage,运输节点中断-合肥-133,low,40,杭州,SUP-002,MAT-0080,苏州至宁波,36,monitoring,2025-11-17T14:00:00+08:00,2025-11-25T15:00:00+08:00,运输节点中断影响供应商、物料和运输路线，需评估库存、订单与替代供应。,2025-11-18T19:00:00+08:00
EVT-000134,demand_surge,需求突增-合肥-134,medium,51,上海,SUP-034,MAT-0080,杭州至武汉,6,resolved,2026-05-26T11:00:00+08:00,2026-05-29T18:00:00+08:00,需求突增影响供应商、物料和运输路线，需评估库存、订单与替代供应。,2026-05-27T13:00:00+08:00
EVT-000135,supplier_shutdown,供应商停产-青岛-135,high,83,杭州,SUP-049,MAT-0126,青岛至东莞,72,active,2025-10-09T04:00:00+08:00,2025-10-12T00:00:00+08:00,供应商停产影响供应商、物料和运输路线，需评估库存、订单与替代供应。,2025-10-11T15:00:00+08:00
EVT-000136,demand_surge,需求突增-宁波-136,high,81,成都,SUP-047,MAT-0154,东莞至合肥,72,resolved,2025-08-15T18:00:00+08:00,2025-08-20T04:00:00+08:00,需求突增影响供应商、物料和运输路线，需评估库存、订单与替代供应。,2025-08-17T09:00:00+08:00
EVT-000137,port_shutdown,港口停运-青岛-137,high,79,青岛,SUP-011,MAT-0135,上海至合肥,96,active,2025-08-01T01:00:00+08:00,2025-08-08T03:00:00+08:00,港口停运影响供应商、物料和运输路线，需评估库存、订单与替代供应。,2025-08-03T20:00:00+08:00
EVT-000138,typhoon,台风天气-上海-138,high,73,青岛,SUP-028,MAT-0078,成都至天津,36,resolved,2026-04-06T13:00:00+08:00,2026-04-07T08:00:00+08:00,台风天气影响供应商、物料和运输路线，需评估库存、订单与替代供应。,2026-04-09T02:00:00+08:00
EVT-000139,customs_delay,海关查验延误-天津-139,medium,51,成都,SUP-057,MAT-0094,东莞至苏州,48,active,2026-02-14T15:00:00+08:00,2026-02-23T16:00:00+08:00,海关查验延误影响供应商、物料和运输路线，需评估库存、订单与替代供应。,2026-02-17T09:00:00+08:00
EVT-000140,customs_delay,海关查验延误-上海-140,high,80,武汉,SUP-014,MAT-0149,杭州至苏州,24,monitoring,2026-01-13T17:00:00+08:00,2026-01-21T00:00:00+08:00,海关查验延误影响供应商、物料和运输路线，需评估库存、订单与替代供应。,2026-01-16T10:00:00+08:00
EVT-000141,port_shutdown,港口停运-东莞-141,medium,61,天津,SUP-009,MAT-0163,青岛至东莞,48,resolved,2026-04-14T18:00:00+08:00,2026-04-15T07:00:00+08:00,港口停运影响供应商、物料和运输路线，需评估库存、订单与替代供应。,2026-04-16T14:00:00+08:00
EVT-000142,demand_surge,需求突增-宁波-142,low,45,上海,SUP-049,MAT-0080,青岛至合肥,48,escalated,2026-05-25T07:00:00+08:00,2026-06-03T15:00:00+08:00,需求突增影响供应商、物料和运输路线，需评估库存、订单与替代供应。,2026-05-27T04:00:00+08:00
EVT-000143,quality_recall,质量召回-苏州-143,high,78,武汉,SUP-057,MAT-0059,东莞至武汉,168,resolved,2025-08-21T21:00:00+08:00,2025-08-27T02:00:00+08:00,质量召回影响供应商、物料和运输路线，需评估库存、订单与替代供应。,2025-08-24T18:00:00+08:00
EVT-000144,power_shortage,区域限电-成都-144,high,71,青岛,SUP-018,MAT-0143,成都至成都,72,resolved,2025-09-11T17:00:00+08:00,2025-09-18T15:00:00+08:00,区域限电影响供应商、物料和运输路线，需评估库存、订单与替代供应。,2025-09-12T02:00:00+08:00
EVT-000145,supplier_shutdown,供应商停产-苏州-145,medium,66,天津,SUP-018,MAT-0214,成都至天津,24,resolved,2026-04-05T17:00:00+08:00,2026-04-11T08:00:00+08:00,供应商停产影响供应商、物料和运输路线，需评估库存、订单与替代供应。,2026-04-08T12:00:00+08:00
EVT-000146,customs_delay,海关查验延误-合肥-146,high,80,上海,SUP-029,MAT-0073,青岛至上海,6,active,2026-03-12T05:00:00+08:00,2026-03-14T02:00:00+08:00,海关查验延误影响供应商、物料和运输路线，需评估库存、订单与替代供应。,2026-03-12T17:00:00+08:00
EVT-000147,demand_surge,需求突增-苏州-147,high,80,成都,SUP-037,MAT-0081,东莞至上海,36,resolved,2026-06-03T07:00:00+08:00,2026-06-05T07:00:00+08:00,需求突增影响供应商、物料和运输路线，需评估库存、订单与替代供应。,2026-06-06T03:00:00+08:00
EVT-000148,demand_surge,需求突增-武汉-148,high,84,成都,SUP-015,MAT-0064,合肥至宁波,72,active,2025-08-12T19:00:00+08:00,2025-08-13T10:00:00+08:00,需求突增影响供应商、物料和运输路线，需评估库存、订单与替代供应。,2025-08-14T07:00:00+08:00
EVT-000149,customs_delay,海关查验延误-上海-149,medium,50,天津,SUP-052,MAT-0198,苏州至青岛,36,resolved,2026-01-21T00:00:00+08:00,2026-01-21T21:00:00+08:00,海关查验延误影响供应商、物料和运输路线，需评估库存、订单与替代供应。,2026-01-23T02:00:00+08:00
EVT-000150,demand_surge,需求突增-苏州-150,medium,66,成都,SUP-040,MAT-0064,天津至杭州,168,resolved,2026-03-13T05:00:00+08:00,2026-03-19T21:00:00+08:00,需求突增影响供应商、物料和运输路线，需评估库存、订单与替代供应。,2026-03-15T00:00:00+08:00
EVT-000151,customs_delay,海关查验延误-成都-151,high,84,上海,SUP-039,MAT-0227,青岛至天津,24,resolved,2025-11-02T01:00:00+08:00,2025-11-05T16:00:00+08:00,海关查验延误影响供应商、物料和运输路线，需评估库存、订单与替代供应。,2025-11-04T05:00:00+08:00
EVT-000152,customs_delay,海关查验延误-苏州-152,low,26,武汉,SUP-004,MAT-0189,杭州至上海,12,monitoring,2026-01-12T06:00:00+08:00,2026-01-13T19:00:00+08:00,海关查验延误影响供应商、物料和运输路线，需评估库存、订单与替代供应。,2026-01-13T19:00:00+08:00
EVT-000153,route_blockage,运输节点中断-苏州-153,high,77,成都,SUP-010,MAT-0147,天津至天津,48,resolved,2025-06-15T20:00:00+08:00,2025-06-18T00:00:00+08:00,运输节点中断影响供应商、物料和运输路线，需评估库存、订单与替代供应。,2025-06-16T02:00:00+08:00
EVT-000154,route_blockage,运输节点中断-成都-154,medium,65,青岛,SUP-057,MAT-0129,东莞至上海,168,resolved,2025-08-27T04:00:00+08:00,2025-09-02T01:00:00+08:00,运输节点中断影响供应商、物料和运输路线，需评估库存、订单与替代供应。,2025-08-29T02:00:00+08:00
EVT-000155,customs_delay,海关查验延误-武汉-155,critical,90,上海,SUP-059,MAT-0135,青岛至杭州,24,active,2025-12-30T01:00:00+08:00,2026-01-07T13:00:00+08:00,海关查验延误影响供应商、物料和运输路线，需评估库存、订单与替代供应。,2025-12-30T14:00:00+08:00
EVT-000156,customs_delay,海关查验延误-东莞-156,high,71,东莞,SUP-028,MAT-0001,成都至东莞,12,resolved,2026-01-09T20:00:00+08:00,2026-01-11T07:00:00+08:00,海关查验延误影响供应商、物料和运输路线，需评估库存、订单与替代供应。,2026-01-10T12:00:00+08:00
EVT-000157,quality_recall,质量召回-宁波-157,high,77,东莞,SUP-003,MAT-0147,宁波至杭州,168,escalated,2026-04-13T20:00:00+08:00,2026-04-20T19:00:00+08:00,质量召回影响供应商、物料和运输路线，需评估库存、订单与替代供应。,2026-04-15T06:00:00+08:00
EVT-000158,power_shortage,区域限电-青岛-158,low,47,东莞,SUP-003,MAT-0080,宁波至杭州,36,monitoring,2026-04-02T21:00:00+08:00,2026-04-11T12:00:00+08:00,区域限电影响供应商、物料和运输路线，需评估库存、订单与替代供应。,2026-04-05T21:00:00+08:00
EVT-000159,power_shortage,区域限电-合肥-159,medium,57,上海,SUP-057,MAT-0079,东莞至东莞,24,resolved,2026-01-11T13:00:00+08:00,2026-01-21T12:00:00+08:00,区域限电影响供应商、物料和运输路线，需评估库存、订单与替代供应。,2026-01-12T05:00:00+08:00
EVT-000160,quality_recall,质量召回-宁波-160,low,36,苏州,SUP-026,MAT-0144,武汉至武汉,36,resolved,2025-07-24T01:00:00+08:00,2025-07-28T11:00:00+08:00,质量召回影响供应商、物料和运输路线，需评估库存、订单与替代供应。,2025-07-26T17:00:00+08:00
EVT-000161,power_shortage,区域限电-青岛-161,medium,68,苏州,SUP-039,MAT-0025,青岛至宁波,24,resolved,2026-03-27T13:00:00+08:00,2026-03-30T23:00:00+08:00,区域限电影响供应商、物料和运输路线，需评估库存、订单与替代供应。,2026-03-27T23:00:00+08:00
EVT-000162,route_blockage,运输节点中断-天津-162,medium,57,合肥,SUP-013,MAT-0167,宁波至合肥,72,resolved,2025-12-18T10:00:00+08:00,2025-12-23T11:00:00+08:00,运输节点中断影响供应商、物料和运输路线，需评估库存、订单与替代供应。,2025-12-20T09:00:00+08:00
EVT-000163,power_shortage,区域限电-宁波-163,high,80,杭州,SUP-060,MAT-0023,天津至杭州,168,active,2026-03-13T19:00:00+08:00,2026-03-20T06:00:00+08:00,区域限电影响供应商、物料和运输路线，需评估库存、订单与替代供应。,2026-03-14T02:00:00+08:00
EVT-000164,demand_surge,需求突增-天津-164,low,49,成都,SUP-047,MAT-0093,东莞至成都,6,resolved,2025-09-22T01:00:00+08:00,2025-09-30T07:00:00+08:00,需求突增影响供应商、物料和运输路线，需评估库存、订单与替代供应。,2025-09-24T22:00:00+08:00
EVT-000165,quality_recall,质量召回-青岛-165,high,71,上海,SUP-004,MAT-0177,杭州至上海,6,active,2026-04-16T06:00:00+08:00,2026-04-26T01:00:00+08:00,质量召回影响供应商、物料和运输路线，需评估库存、订单与替代供应。,2026-04-18T01:00:00+08:00
EVT-000166,power_shortage,区域限电-成都-166,high,84,合肥,SUP-046,MAT-0124,武汉至上海,48,monitoring,2026-01-11T12:00:00+08:00,2026-01-20T14:00:00+08:00,区域限电影响供应商、物料和运输路线，需评估库存、订单与替代供应。,2026-01-12T23:00:00+08:00
EVT-000167,customs_delay,海关查验延误-上海-167,medium,56,天津,SUP-059,MAT-0130,青岛至青岛,168,resolved,2025-06-26T00:00:00+08:00,2025-06-29T14:00:00+08:00,海关查验延误影响供应商、物料和运输路线，需评估库存、订单与替代供应。,2025-06-29T00:00:00+08:00
EVT-000168,power_shortage,区域限电-苏州-168,high,70,宁波,SUP-035,MAT-0239,合肥至合肥,48,active,2025-08-11T15:00:00+08:00,2025-08-17T14:00:00+08:00,区域限电影响供应商、物料和运输路线，需评估库存、订单与替代供应。,2025-08-12T02:00:00+08:00
EVT-000169,demand_surge,需求突增-东莞-169,low,48,东莞,SUP-042,MAT-0002,苏州至东莞,36,resolved,2025-11-22T21:00:00+08:00,2025-11-25T21:00:00+08:00,需求突增影响供应商、物料和运输路线，需评估库存、订单与替代供应。,2025-11-22T23:00:00+08:00
EVT-000170,port_shutdown,港口停运-青岛-170,low,42,合肥,SUP-047,MAT-0107,东莞至合肥,48,monitoring,2026-06-07T00:00:00+08:00,,港口停运影响供应商、物料和运输路线，需评估库存、订单与替代供应。,2026-06-08T14:00:00+08:00
EVT-000171,route_blockage,运输节点中断-武汉-171,high,74,苏州,SUP-030,MAT-0200,天津至宁波,72,escalated,2026-05-09T14:00:00+08:00,2026-05-14T16:00:00+08:00,运输节点中断影响供应商、物料和运输路线，需评估库存、订单与替代供应。,2026-05-10T03:00:00+08:00
EVT-000172,quality_recall,质量召回-天津-172,low,48,东莞,SUP-032,MAT-0166,苏州至青岛,36,resolved,2026-01-11T22:00:00+08:00,2026-01-12T22:00:00+08:00,质量召回影响供应商、物料和运输路线，需评估库存、订单与替代供应。,2026-01-12T23:00:00+08:00
EVT-000173,port_shutdown,港口停运-东莞-173,low,45,武汉,SUP-027,MAT-0139,东莞至苏州,168,resolved,2026-06-08T00:00:00+08:00,,港口停运影响供应商、物料和运输路线，需评估库存、订单与替代供应。,2026-06-09T08:00:00+08:00
EVT-000174,customs_delay,海关查验延误-宁波-174,low,37,青岛,SUP-045,MAT-0067,合肥至东莞,72,active,2026-01-17T20:00:00+08:00,2026-01-23T19:00:00+08:00,海关查验延误影响供应商、物料和运输路线，需评估库存、订单与替代供应。,2026-01-20T16:00:00+08:00
EVT-000175,power_shortage,区域限电-苏州-175,medium,52,上海,SUP-054,MAT-0135,杭州至东莞,72,monitoring,2025-10-01T02:00:00+08:00,2025-10-08T00:00:00+08:00,区域限电影响供应商、物料和运输路线，需评估库存、订单与替代供应。,2025-10-03T12:00:00+08:00
EVT-000176,supplier_shutdown,供应商停产-成都-176,medium,53,天津,SUP-041,MAT-0175,上海至东莞,6,resolved,2026-03-19T21:00:00+08:00,2026-03-27T07:00:00+08:00,供应商停产影响供应商、物料和运输路线，需评估库存、订单与替代供应。,2026-03-20T11:00:00+08:00
EVT-000177,typhoon,台风天气-上海-177,medium,55,合肥,SUP-030,MAT-0219,天津至上海,36,resolved,2026-06-11T01:00:00+08:00,,台风天气影响供应商、物料和运输路线，需评估库存、订单与替代供应。,2026-06-13T16:00:00+08:00
EVT-000178,power_shortage,区域限电-武汉-178,low,31,武汉,SUP-012,MAT-0114,苏州至成都,12,resolved,2025-09-04T07:00:00+08:00,2025-09-07T21:00:00+08:00,区域限电影响供应商、物料和运输路线，需评估库存、订单与替代供应。,2025-09-06T21:00:00+08:00
EVT-000179,demand_surge,需求突增-青岛-179,low,49,青岛,SUP-052,MAT-0035,苏州至苏州,12,resolved,2025-07-02T23:00:00+08:00,2025-07-10T22:00:00+08:00,需求突增影响供应商、物料和运输路线，需评估库存、订单与替代供应。,2025-07-05T09:00:00+08:00
EVT-000180,port_shutdown,港口停运-成都-180,medium,52,青岛,SUP-009,MAT-0088,青岛至苏州,12,active,2025-10-21T19:00:00+08:00,2025-10-22T01:00:00+08:00,港口停运影响供应商、物料和运输路线，需评估库存、订单与替代供应。,2025-10-24T10:00:00+08:00
EVT-000181,quality_recall,质量召回-青岛-181,high,84,苏州,SUP-009,MAT-0198,青岛至合肥,36,monitoring,2026-03-11T07:00:00+08:00,2026-03-17T09:00:00+08:00,质量召回影响供应商、物料和运输路线，需评估库存、订单与替代供应。,2026-03-13T21:00:00+08:00
EVT-000182,demand_surge,需求突增-天津-182,high,73,成都,SUP-039,MAT-0142,青岛至天津,72,monitoring,2025-09-10T10:00:00+08:00,2025-09-19T19:00:00+08:00,需求突增影响供应商、物料和运输路线，需评估库存、订单与替代供应。,2025-09-10T15:00:00+08:00
EVT-000183,typhoon,台风天气-成都-183,medium,63,宁波,SUP-019,MAT-0176,青岛至苏州,72,resolved,2025-09-04T07:00:00+08:00,2025-09-10T01:00:00+08:00,台风天气影响供应商、物料和运输路线，需评估库存、订单与替代供应。,2025-09-05T18:00:00+08:00
EVT-000184,customs_delay,海关查验延误-苏州-184,medium,65,天津,SUP-033,MAT-0041,宁波至上海,168,resolved,2026-04-23T02:00:00+08:00,2026-04-26T06:00:00+08:00,海关查验延误影响供应商、物料和运输路线，需评估库存、订单与替代供应。,2026-04-23T09:00:00+08:00
EVT-000185,demand_surge,需求突增-东莞-185,high,81,杭州,SUP-037,MAT-0136,东莞至杭州,96,resolved,2026-01-05T16:00:00+08:00,2026-01-13T14:00:00+08:00,需求突增影响供应商、物料和运输路线，需评估库存、订单与替代供应。,2026-01-06T23:00:00+08:00
EVT-000186,supplier_shutdown,供应商停产-青岛-186,high,83,青岛,SUP-052,MAT-0180,苏州至成都,36,resolved,2026-05-16T10:00:00+08:00,2026-05-17T17:00:00+08:00,供应商停产影响供应商、物料和运输路线，需评估库存、订单与替代供应。,2026-05-18T23:00:00+08:00
EVT-000187,quality_recall,质量召回-上海-187,high,79,东莞,SUP-002,MAT-0159,苏州至杭州,6,resolved,2026-04-10T02:00:00+08:00,2026-04-16T23:00:00+08:00,质量召回影响供应商、物料和运输路线，需评估库存、订单与替代供应。,2026-04-11T13:00:00+08:00
EVT-000188,customs_delay,海关查验延误-上海-188,medium,67,苏州,SUP-021,MAT-0229,上海至武汉,12,monitoring,2026-03-13T19:00:00+08:00,2026-03-14T14:00:00+08:00,海关查验延误影响供应商、物料和运输路线，需评估库存、订单与替代供应。,2026-03-14T18:00:00+08:00
EVT-000189,demand_surge,需求突增-武汉-189,medium,65,武汉,SUP-047,MAT-0118,东莞至苏州,48,active,2026-02-11T04:00:00+08:00,2026-02-12T20:00:00+08:00,需求突增影响供应商、物料和运输路线，需评估库存、订单与替代供应。,2026-02-11T23:00:00+08:00
EVT-000190,power_shortage,区域限电-武汉-190,high,80,武汉,SUP-045,MAT-0050,合肥至宁波,168,monitoring,2025-10-10T03:00:00+08:00,2025-10-20T02:00:00+08:00,区域限电影响供应商、物料和运输路线，需评估库存、订单与替代供应。,2025-10-11T22:00:00+08:00
EVT-000191,typhoon,台风天气-合肥-191,high,81,杭州,SUP-040,MAT-0033,天津至苏州,48,resolved,2025-12-01T13:00:00+08:00,2025-12-09T08:00:00+08:00,台风天气影响供应商、物料和运输路线，需评估库存、订单与替代供应。,2025-12-03T14:00:00+08:00
EVT-000192,supplier_shutdown,供应商停产-东莞-192,medium,62,武汉,SUP-049,MAT-0204,青岛至天津,96,monitoring,2026-01-01T07:00:00+08:00,2026-01-05T12:00:00+08:00,供应商停产影响供应商、物料和运输路线，需评估库存、订单与替代供应。,2026-01-03T13:00:00+08:00
EVT-000193,power_shortage,区域限电-宁波-193,high,80,上海,SUP-018,MAT-0133,成都至青岛,168,active,2025-06-23T07:00:00+08:00,2025-07-02T03:00:00+08:00,区域限电影响供应商、物料和运输路线，需评估库存、订单与替代供应。,2025-06-25T02:00:00+08:00
EVT-000194,demand_surge,需求突增-宁波-194,medium,63,天津,SUP-024,MAT-0200,杭州至天津,24,escalated,2025-07-28T03:00:00+08:00,2025-08-06T11:00:00+08:00,需求突增影响供应商、物料和运输路线，需评估库存、订单与替代供应。,2025-07-28T12:00:00+08:00
EVT-000195,power_shortage,区域限电-杭州-195,medium,58,青岛,SUP-022,MAT-0152,苏州至上海,48,escalated,2025-11-01T05:00:00+08:00,2025-11-03T14:00:00+08:00,区域限电影响供应商、物料和运输路线，需评估库存、订单与替代供应。,2025-11-03T14:00:00+08:00
EVT-000196,customs_delay,海关查验延误-天津-196,low,29,合肥,SUP-005,MAT-0127,合肥至青岛,168,active,2026-01-15T01:00:00+08:00,2026-01-24T08:00:00+08:00,海关查验延误影响供应商、物料和运输路线，需评估库存、订单与替代供应。,2026-01-15T10:00:00+08:00
EVT-000197,customs_delay,海关查验延误-东莞-197,medium,67,青岛,SUP-011,MAT-0224,上海至天津,36,resolved,2025-07-26T19:00:00+08:00,2025-08-01T05:00:00+08:00,海关查验延误影响供应商、物料和运输路线，需评估库存、订单与替代供应。,2025-07-28T09:00:00+08:00
EVT-000198,supplier_shutdown,供应商停产-青岛-198,medium,54,宁波,SUP-011,MAT-0080,上海至成都,48,resolved,2025-10-26T13:00:00+08:00,2025-11-01T04:00:00+08:00,供应商停产影响供应商、物料和运输路线，需评估库存、订单与替代供应。,2025-10-29T13:00:00+08:00
EVT-000199,demand_surge,需求突增-上海-199,medium,60,天津,SUP-048,MAT-0057,成都至宁波,36,resolved,2026-05-19T14:00:00+08:00,2026-05-23T01:00:00+08:00,需求突增影响供应商、物料和运输路线，需评估库存、订单与替代供应。,2026-05-21T03:00:00+08:00
EVT-000200,port_shutdown,港口停运-苏州-200,medium,52,东莞,SUP-030,MAT-0147,天津至武汉,12,resolved,2025-07-18T03:00:00+08:00,2025-07-23T04:00:00+08:00,港口停运影响供应商、物料和运输路线，需评估库存、订单与替代供应。,2025-07-19T01:00:00+08:00
EVT-000201,quality_recall,质量召回-宁波-201,medium,53,苏州,SUP-031,MAT-0062,上海至上海,24,monitoring,2025-08-11T17:00:00+08:00,2025-08-14T06:00:00+08:00,质量召回影响供应商、物料和运输路线，需评估库存、订单与替代供应。,2025-08-14T01:00:00+08:00
EVT-000202,typhoon,台风天气-武汉-202,low,43,杭州,SUP-009,MAT-0061,青岛至天津,36,active,2026-03-04T16:00:00+08:00,2026-03-08T18:00:00+08:00,台风天气影响供应商、物料和运输路线，需评估库存、订单与替代供应。,2026-03-06T15:00:00+08:00
EVT-000203,demand_surge,需求突增-天津-203,high,83,武汉,SUP-048,MAT-0006,成都至杭州,24,resolved,2026-03-04T23:00:00+08:00,2026-03-08T11:00:00+08:00,需求突增影响供应商、物料和运输路线，需评估库存、订单与替代供应。,2026-03-06T12:00:00+08:00
EVT-000204,customs_delay,海关查验延误-上海-204,critical,91,东莞,SUP-058,MAT-0232,成都至武汉,12,active,2026-02-04T23:00:00+08:00,2026-02-05T09:00:00+08:00,海关查验延误影响供应商、物料和运输路线，需评估库存、订单与替代供应。,2026-02-06T01:00:00+08:00
EVT-000205,power_shortage,区域限电-苏州-205,critical,88,青岛,SUP-028,MAT-0081,成都至合肥,6,resolved,2026-01-04T07:00:00+08:00,2026-01-07T23:00:00+08:00,区域限电影响供应商、物料和运输路线，需评估库存、订单与替代供应。,2026-01-06T20:00:00+08:00
EVT-000206,port_shutdown,港口停运-成都-206,high,72,青岛,SUP-007,MAT-0066,东莞至东莞,24,monitoring,2025-07-31T11:00:00+08:00,2025-08-02T02:00:00+08:00,港口停运影响供应商、物料和运输路线，需评估库存、订单与替代供应。,2025-08-01T08:00:00+08:00
EVT-000207,customs_delay,海关查验延误-青岛-207,critical,91,成都,SUP-011,MAT-0082,上海至天津,36,resolved,2025-11-10T14:00:00+08:00,2025-11-17T14:00:00+08:00,海关查验延误影响供应商、物料和运输路线，需评估库存、订单与替代供应。,2025-11-11T19:00:00+08:00
EVT-000208,customs_delay,海关查验延误-苏州-208,medium,55,天津,SUP-013,MAT-0024,宁波至青岛,72,resolved,2026-02-18T16:00:00+08:00,2026-02-25T22:00:00+08:00,海关查验延误影响供应商、物料和运输路线，需评估库存、订单与替代供应。,2026-02-20T08:00:00+08:00
EVT-000209,typhoon,台风天气-合肥-209,high,78,苏州,SUP-041,MAT-0086,上海至上海,48,active,2025-11-01T07:00:00+08:00,2025-11-03T15:00:00+08:00,台风天气影响供应商、物料和运输路线，需评估库存、订单与替代供应。,2025-11-01T21:00:00+08:00
EVT-000210,typhoon,台风天气-武汉-210,high,78,宁波,SUP-049,MAT-0021,青岛至杭州,6,resolved,2026-04-02T05:00:00+08:00,2026-04-05T04:00:00+08:00,台风天气影响供应商、物料和运输路线，需评估库存、订单与替代供应。,2026-04-05T04:00:00+08:00
EVT-000211,demand_surge,需求突增-杭州-211,low,35,东莞,SUP-033,MAT-0096,宁波至青岛,12,resolved,2026-04-26T02:00:00+08:00,2026-04-28T12:00:00+08:00,需求突增影响供应商、物料和运输路线，需评估库存、订单与替代供应。,2026-04-27T23:00:00+08:00
EVT-000212,route_blockage,运输节点中断-合肥-212,low,26,成都,SUP-023,MAT-0182,宁波至天津,24,resolved,2025-12-27T11:00:00+08:00,2025-12-28T08:00:00+08:00,运输节点中断影响供应商、物料和运输路线，需评估库存、订单与替代供应。,2025-12-28T22:00:00+08:00
EVT-000213,power_shortage,区域限电-武汉-213,medium,51,苏州,SUP-010,MAT-0240,天津至东莞,72,monitoring,2025-07-26T06:00:00+08:00,2025-07-29T08:00:00+08:00,区域限电影响供应商、物料和运输路线，需评估库存、订单与替代供应。,2025-07-27T11:00:00+08:00
EVT-000214,power_shortage,区域限电-宁波-214,high,79,杭州,SUP-045,MAT-0188,合肥至成都,6,resolved,2025-08-30T05:00:00+08:00,2025-09-01T00:00:00+08:00,区域限电影响供应商、物料和运输路线，需评估库存、订单与替代供应。,2025-08-31T22:00:00+08:00
EVT-000215,customs_delay,海关查验延误-合肥-215,medium,67,武汉,SUP-044,MAT-0122,杭州至武汉,168,resolved,2025-07-19T10:00:00+08:00,2025-07-20T20:00:00+08:00,海关查验延误影响供应商、物料和运输路线，需评估库存、订单与替代供应。,2025-07-21T17:00:00+08:00
EVT-000216,route_blockage,运输节点中断-宁波-216,medium,69,上海,SUP-008,MAT-0158,成都至东莞,72,resolved,2025-12-11T17:00:00+08:00,2025-12-19T16:00:00+08:00,运输节点中断影响供应商、物料和运输路线，需评估库存、订单与替代供应。,2025-12-14T01:00:00+08:00
EVT-000217,route_blockage,运输节点中断-天津-217,medium,56,成都,SUP-048,MAT-0059,成都至杭州,48,resolved,2025-11-05T01:00:00+08:00,2025-11-11T12:00:00+08:00,运输节点中断影响供应商、物料和运输路线，需评估库存、订单与替代供应。,2025-11-07T01:00:00+08:00
EVT-000218,port_shutdown,港口停运-青岛-218,medium,59,成都,SUP-047,MAT-0070,东莞至成都,48,resolved,2026-01-22T00:00:00+08:00,2026-01-27T05:00:00+08:00,港口停运影响供应商、物料和运输路线，需评估库存、订单与替代供应。,2026-01-22T10:00:00+08:00
EVT-000219,route_blockage,运输节点中断-成都-219,high,74,武汉,SUP-003,MAT-0035,宁波至武汉,6,active,2025-10-02T07:00:00+08:00,2025-10-06T14:00:00+08:00,运输节点中断影响供应商、物料和运输路线，需评估库存、订单与替代供应。,2025-10-02T14:00:00+08:00
EVT-000220,customs_delay,海关查验延误-杭州-220,high,73,青岛,SUP-009,MAT-0182,青岛至合肥,72,resolved,2025-12-27T22:00:00+08:00,2025-12-28T07:00:00+08:00,海关查验延误影响供应商、物料和运输路线，需评估库存、订单与替代供应。,2025-12-29T03:00:00+08:00
EVT-000221,route_blockage,运输节点中断-武汉-221,medium,56,成都,SUP-030,MAT-0001,天津至宁波,96,monitoring,2025-12-14T15:00:00+08:00,2025-12-20T08:00:00+08:00,运输节点中断影响供应商、物料和运输路线，需评估库存、订单与替代供应。,2025-12-17T08:00:00+08:00
EVT-000222,quality_recall,质量召回-青岛-222,critical,90,成都,SUP-024,MAT-0035,杭州至宁波,12,escalated,2025-08-09T18:00:00+08:00,2025-08-18T11:00:00+08:00,质量召回影响供应商、物料和运输路线，需评估库存、订单与替代供应。,2025-08-10T12:00:00+08:00
EVT-000223,power_shortage,区域限电-合肥-223,high,75,东莞,SUP-031,MAT-0190,上海至杭州,36,resolved,2025-10-26T18:00:00+08:00,2025-11-01T22:00:00+08:00,区域限电影响供应商、物料和运输路线，需评估库存、订单与替代供应。,2025-10-28T14:00:00+08:00
EVT-000224,port_shutdown,港口停运-天津-224,high,72,合肥,SUP-013,MAT-0055,宁波至苏州,24,resolved,2026-05-17T10:00:00+08:00,2026-05-25T18:00:00+08:00,港口停运影响供应商、物料和运输路线，需评估库存、订单与替代供应。,2026-05-18T19:00:00+08:00
EVT-000225,demand_surge,需求突增-苏州-225,medium,57,合肥,SUP-006,MAT-0107,武汉至苏州,48,resolved,2025-12-31T15:00:00+08:00,2026-01-06T08:00:00+08:00,需求突增影响供应商、物料和运输路线，需评估库存、订单与替代供应。,2026-01-03T10:00:00+08:00
EVT-000226,customs_delay,海关查验延误-杭州-226,medium,56,杭州,SUP-044,MAT-0206,杭州至天津,96,resolved,2026-01-04T00:00:00+08:00,2026-01-06T17:00:00+08:00,海关查验延误影响供应商、物料和运输路线，需评估库存、订单与替代供应。,2026-01-05T21:00:00+08:00
EVT-000227,supplier_shutdown,供应商停产-上海-227,low,40,合肥,SUP-040,MAT-0065,天津至成都,168,monitoring,2026-02-21T01:00:00+08:00,2026-02-28T22:00:00+08:00,供应商停产影响供应商、物料和运输路线，需评估库存、订单与替代供应。,2026-02-23T18:00:00+08:00
EVT-000228,route_blockage,运输节点中断-东莞-228,high,72,上海,SUP-011,MAT-0014,上海至成都,96,resolved,2026-05-13T01:00:00+08:00,2026-05-21T07:00:00+08:00,运输节点中断影响供应商、物料和运输路线，需评估库存、订单与替代供应。,2026-05-15T06:00:00+08:00
EVT-000229,typhoon,台风天气-合肥-229,medium,50,成都,SUP-048,MAT-0158,成都至天津,168,active,2026-05-14T12:00:00+08:00,2026-05-22T09:00:00+08:00,台风天气影响供应商、物料和运输路线，需评估库存、订单与替代供应。,2026-05-14T23:00:00+08:00
EVT-000230,route_blockage,运输节点中断-成都-230,low,41,杭州,SUP-058,MAT-0189,成都至合肥,6,monitoring,2026-01-11T16:00:00+08:00,2026-01-13T23:00:00+08:00,运输节点中断影响供应商、物料和运输路线，需评估库存、订单与替代供应。,2026-01-12T18:00:00+08:00
EVT-000231,route_blockage,运输节点中断-天津-231,medium,51,苏州,SUP-006,MAT-0197,武汉至合肥,168,monitoring,2026-05-14T09:00:00+08:00,2026-05-19T07:00:00+08:00,运输节点中断影响供应商、物料和运输路线，需评估库存、订单与替代供应。,2026-05-15T21:00:00+08:00
EVT-000232,supplier_shutdown,供应商停产-天津-232,medium,59,上海,SUP-048,MAT-0044,成都至武汉,48,monitoring,2025-08-22T07:00:00+08:00,2025-08-25T13:00:00+08:00,供应商停产影响供应商、物料和运输路线，需评估库存、订单与替代供应。,2025-08-22T20:00:00+08:00
EVT-000233,demand_surge,需求突增-宁波-233,medium,55,青岛,SUP-015,MAT-0198,合肥至青岛,72,resolved,2025-07-05T18:00:00+08:00,2025-07-09T09:00:00+08:00,需求突增影响供应商、物料和运输路线，需评估库存、订单与替代供应。,2025-07-08T03:00:00+08:00
EVT-000234,quality_recall,质量召回-东莞-234,medium,69,杭州,SUP-013,MAT-0129,宁波至上海,48,monitoring,2026-05-01T01:00:00+08:00,2026-05-09T03:00:00+08:00,质量召回影响供应商、物料和运输路线，需评估库存、订单与替代供应。,2026-05-01T17:00:00+08:00
EVT-000235,supplier_shutdown,供应商停产-苏州-235,high,78,天津,SUP-011,MAT-0166,上海至宁波,72,resolved,2025-07-14T04:00:00+08:00,2025-07-23T23:00:00+08:00,供应商停产影响供应商、物料和运输路线，需评估库存、订单与替代供应。,2025-07-15T10:00:00+08:00
EVT-000236,quality_recall,质量召回-苏州-236,high,74,合肥,SUP-051,MAT-0140,上海至宁波,6,resolved,2025-12-25T01:00:00+08:00,2025-12-31T10:00:00+08:00,质量召回影响供应商、物料和运输路线，需评估库存、订单与替代供应。,2025-12-26T06:00:00+08:00
EVT-000237,demand_surge,需求突增-苏州-237,medium,64,合肥,SUP-014,MAT-0122,杭州至武汉,96,resolved,2026-03-04T18:00:00+08:00,2026-03-07T13:00:00+08:00,需求突增影响供应商、物料和运输路线，需评估库存、订单与替代供应。,2026-03-05T10:00:00+08:00
EVT-000238,route_blockage,运输节点中断-杭州-238,high,72,宁波,SUP-019,MAT-0034,青岛至武汉,168,resolved,2026-01-04T04:00:00+08:00,2026-01-10T12:00:00+08:00,运输节点中断影响供应商、物料和运输路线，需评估库存、订单与替代供应。,2026-01-04T22:00:00+08:00
EVT-000239,typhoon,台风天气-青岛-239,high,83,东莞,SUP-038,MAT-0178,成都至成都,168,resolved,2026-06-02T01:00:00+08:00,2026-06-11T11:00:00+08:00,台风天气影响供应商、物料和运输路线，需评估库存、订单与替代供应。,2026-06-03T20:00:00+08:00
EVT-000240,route_blockage,运输节点中断-宁波-240,medium,52,天津,SUP-046,MAT-0159,武汉至天津,36,active,2025-12-14T06:00:00+08:00,2025-12-22T23:00:00+08:00,运输节点中断影响供应商、物料和运输路线，需评估库存、订单与替代供应。,2025-12-16T12:00:00+08:00
